--
-- PostgreSQL database dump
--

SET statement_timeout = 0;
SET client_encoding = 'UTF8';
SET standard_conforming_strings = on;
SET check_function_bodies = false;
SET client_min_messages = warning;

--
-- Name: plpgsql; Type: EXTENSION; Schema: -; Owner: -
--

CREATE EXTENSION IF NOT EXISTS plpgsql WITH SCHEMA pg_catalog;


--
-- Name: EXTENSION plpgsql; Type: COMMENT; Schema: -; Owner: -
--

COMMENT ON EXTENSION plpgsql IS 'PL/pgSQL procedural language';


SET search_path = public, pg_catalog;

SET default_tablespace = '';

SET default_with_oids = false;

--
-- Name: AuthAssignment; Type: TABLE; Schema: public; Owner: -; Tablespace: 
--

CREATE TABLE "AuthAssignment" (
    itemname character varying(64) NOT NULL,
    userid character varying(64) NOT NULL,
    bizrule text,
    data text
);


--
-- Name: AuthItem; Type: TABLE; Schema: public; Owner: -; Tablespace: 
--

CREATE TABLE "AuthItem" (
    name character varying(64) NOT NULL,
    type integer NOT NULL,
    description text,
    bizrule text,
    data text
);


--
-- Name: AuthItemChild; Type: TABLE; Schema: public; Owner: -; Tablespace: 
--

CREATE TABLE "AuthItemChild" (
    parent character varying(64) NOT NULL,
    child character varying(64) NOT NULL
);


--
-- Name: application; Type: TABLE; Schema: public; Owner: -; Tablespace: 
--

CREATE TABLE application (
    id integer NOT NULL,
    slug character varying(128) NOT NULL,
    name character varying(512) NOT NULL,
    description text,
    secret_key character varying(128) NOT NULL,
    publick_key character varying(128) NOT NULL,
    return_uri character varying(512),
    access_control_allow_origin character varying,
    created_at timestamp without time zone DEFAULT now() NOT NULL,
    updated_at timestamp without time zone,
    is_active boolean DEFAULT true NOT NULL
);


--
-- Name: application_id_seq; Type: SEQUENCE; Schema: public; Owner: -
--

CREATE SEQUENCE application_id_seq
    START WITH 1
    INCREMENT BY 1
    NO MINVALUE
    NO MAXVALUE
    CACHE 1;


--
-- Name: application_id_seq; Type: SEQUENCE OWNED BY; Schema: public; Owner: -
--

ALTER SEQUENCE application_id_seq OWNED BY application.id;


--
-- Name: content; Type: TABLE; Schema: public; Owner: -; Tablespace: 
--

CREATE TABLE content (
    id integer NOT NULL,
    title character varying(512) NOT NULL,
    slug character varying(255) NOT NULL,
    text text NOT NULL,
    created_at timestamp without time zone DEFAULT now() NOT NULL,
    updated_at timestamp without time zone
);


--
-- Name: content_id_seq; Type: SEQUENCE; Schema: public; Owner: -
--

CREATE SEQUENCE content_id_seq
    START WITH 1
    INCREMENT BY 1
    NO MINVALUE
    NO MAXVALUE
    CACHE 1;


--
-- Name: content_id_seq; Type: SEQUENCE OWNED BY; Schema: public; Owner: -
--

ALTER SEQUENCE content_id_seq OWNED BY content.id;


--
-- Name: cron_mail; Type: TABLE; Schema: public; Owner: -; Tablespace: 
--

CREATE TABLE cron_mail (
    id integer NOT NULL,
    subject character varying(255) DEFAULT NULL::character varying,
    body text NOT NULL,
    body_alt text,
    to_mail character varying(512) NOT NULL,
    to_name character varying(512) DEFAULT NULL::character varying,
    from_mail character varying(512) NOT NULL,
    from_name character varying(512) DEFAULT NULL::character varying,
    is_sent boolean DEFAULT false NOT NULL,
    attachment_file character varying(512) DEFAULT NULL::character varying,
    attachment_name character varying(512) DEFAULT NULL::character varying
);


--
-- Name: cron_mail_id_seq; Type: SEQUENCE; Schema: public; Owner: -
--

CREATE SEQUENCE cron_mail_id_seq
    START WITH 1
    INCREMENT BY 1
    NO MINVALUE
    NO MAXVALUE
    CACHE 1;


--
-- Name: cron_mail_id_seq; Type: SEQUENCE OWNED BY; Schema: public; Owner: -
--

ALTER SEQUENCE cron_mail_id_seq OWNED BY cron_mail.id;


--
-- Name: smtp; Type: TABLE; Schema: public; Owner: -; Tablespace: 
--

CREATE TABLE smtp (
    id integer NOT NULL,
    host character varying NOT NULL,
    username character varying NOT NULL,
    password character varying NOT NULL,
    port character varying,
    encryption character varying,
    timeout character varying,
    "extensionHandlers" character varying,
    using_count integer DEFAULT 0 NOT NULL,
    banned integer DEFAULT 0 NOT NULL
);


--
-- Name: smtp_id_seq; Type: SEQUENCE; Schema: public; Owner: -
--

CREATE SEQUENCE smtp_id_seq
    START WITH 1
    INCREMENT BY 1
    NO MINVALUE
    NO MAXVALUE
    CACHE 1;


--
-- Name: smtp_id_seq; Type: SEQUENCE OWNED BY; Schema: public; Owner: -
--

ALTER SEQUENCE smtp_id_seq OWNED BY smtp.id;


--
-- Name: token; Type: TABLE; Schema: public; Owner: -; Tablespace: 
--

CREATE TABLE token (
    id integer NOT NULL,
    application_id integer NOT NULL,
    user_id integer NOT NULL,
    token character varying(128) NOT NULL,
    expire_at timestamp without time zone NOT NULL,
    created_at timestamp without time zone DEFAULT now() NOT NULL,
    updated_at timestamp without time zone
);


--
-- Name: token_id_seq; Type: SEQUENCE; Schema: public; Owner: -
--

CREATE SEQUENCE token_id_seq
    START WITH 1
    INCREMENT BY 1
    NO MINVALUE
    NO MAXVALUE
    CACHE 1;


--
-- Name: token_id_seq; Type: SEQUENCE OWNED BY; Schema: public; Owner: -
--

ALTER SEQUENCE token_id_seq OWNED BY token.id;


--
-- Name: user; Type: TABLE; Schema: public; Owner: -; Tablespace: 
--

CREATE TABLE "user" (
    id integer NOT NULL,
    username character varying NOT NULL,
    email character varying,
    key character varying,
    created_at timestamp without time zone DEFAULT now(),
    updated_at timestamp without time zone,
    role character varying DEFAULT 'user'::character varying NOT NULL,
    is_active boolean DEFAULT false NOT NULL,
    last_login timestamp without time zone,
    password character varying(255),
    avatar_name character varying(128),
    last_name character varying(128),
    middle_name character varying(128),
    first_name character varying(128)
);


--
-- Name: user_id_seq; Type: SEQUENCE; Schema: public; Owner: -
--

CREATE SEQUENCE user_id_seq
    START WITH 1
    INCREMENT BY 1
    NO MINVALUE
    NO MAXVALUE
    CACHE 1;


--
-- Name: user_id_seq; Type: SEQUENCE OWNED BY; Schema: public; Owner: -
--

ALTER SEQUENCE user_id_seq OWNED BY "user".id;


--
-- Name: user_social; Type: TABLE; Schema: public; Owner: -; Tablespace: 
--

CREATE TABLE user_social (
    id integer NOT NULL,
    user_id integer NOT NULL,
    social_service character varying NOT NULL,
    user_social_id character varying NOT NULL,
    additional_data text
);


--
-- Name: TABLE user_social; Type: COMMENT; Schema: public; Owner: -
--

COMMENT ON TABLE user_social IS 'users from social accounts linked to users';


--
-- Name: user_social_id_seq; Type: SEQUENCE; Schema: public; Owner: -
--

CREATE SEQUENCE user_social_id_seq
    START WITH 100
    INCREMENT BY 1
    NO MINVALUE
    NO MAXVALUE
    CACHE 1;


--
-- Name: user_social_id_seq; Type: SEQUENCE OWNED BY; Schema: public; Owner: -
--

ALTER SEQUENCE user_social_id_seq OWNED BY user_social.id;


--
-- Name: id; Type: DEFAULT; Schema: public; Owner: -
--

ALTER TABLE ONLY application ALTER COLUMN id SET DEFAULT nextval('application_id_seq'::regclass);


--
-- Name: id; Type: DEFAULT; Schema: public; Owner: -
--

ALTER TABLE ONLY content ALTER COLUMN id SET DEFAULT nextval('content_id_seq'::regclass);


--
-- Name: id; Type: DEFAULT; Schema: public; Owner: -
--

ALTER TABLE ONLY cron_mail ALTER COLUMN id SET DEFAULT nextval('cron_mail_id_seq'::regclass);


--
-- Name: id; Type: DEFAULT; Schema: public; Owner: -
--

ALTER TABLE ONLY smtp ALTER COLUMN id SET DEFAULT nextval('smtp_id_seq'::regclass);


--
-- Name: id; Type: DEFAULT; Schema: public; Owner: -
--

ALTER TABLE ONLY token ALTER COLUMN id SET DEFAULT nextval('token_id_seq'::regclass);


--
-- Name: id; Type: DEFAULT; Schema: public; Owner: -
--

ALTER TABLE ONLY "user" ALTER COLUMN id SET DEFAULT nextval('user_id_seq'::regclass);


--
-- Name: id; Type: DEFAULT; Schema: public; Owner: -
--

ALTER TABLE ONLY user_social ALTER COLUMN id SET DEFAULT nextval('user_social_id_seq'::regclass);


--
-- Data for Name: AuthAssignment; Type: TABLE DATA; Schema: public; Owner: -
--

COPY "AuthAssignment" (itemname, userid, bizrule, data) FROM stdin;
admin	2	\N	\N
user	3	\N	\N
user	4	\N	\N
user	5	\N	\N
user	6	\N	\N
user	7	\N	\N
user	8	\N	\N
user	9	\N	\N
user	10	\N	\N
user	11	\N	\N
user	12	\N	\N
user	13	\N	\N
user	14	\N	\N
user	15	\N	\N
user	16	\N	\N
user	17	\N	\N
user	18	\N	\N
user	19	\N	\N
user	20	\N	\N
user	21	\N	\N
user	22	\N	\N
user	23	\N	\N
user	101	\N	N;
user	1	\N	N;
user	45	\N	N;
user	75	\N	N;
user	110	\N	N;
\.


--
-- Data for Name: AuthItem; Type: TABLE DATA; Schema: public; Owner: -
--

COPY "AuthItem" (name, type, description, bizrule, data) FROM stdin;
admin	2	Admin	\N	N;
user	2	User	\N	N;
filemanager	2	Filemanager	\N	N;
\.


--
-- Data for Name: AuthItemChild; Type: TABLE DATA; Schema: public; Owner: -
--

COPY "AuthItemChild" (parent, child) FROM stdin;
admin	user
admin	filemanager
\.


--
-- Data for Name: application; Type: TABLE DATA; Schema: public; Owner: -
--

COPY application (id, slug, name, description, secret_key, publick_key, return_uri, access_control_allow_origin, created_at, updated_at, is_active) FROM stdin;
3	placemeup	PlaceMeUp.com application	PlaceMeUp.com application	_pmu_secret	_pmu_public	\N	\N	2013-10-09 21:27:49.159	\N	t
\.


--
-- Name: application_id_seq; Type: SEQUENCE SET; Schema: public; Owner: -
--

SELECT pg_catalog.setval('application_id_seq', 3, true);


--
-- Data for Name: content; Type: TABLE DATA; Schema: public; Owner: -
--

COPY content (id, title, slug, text, created_at, updated_at) FROM stdin;
2	Тестовый контент 1	content_slug_1	Привет друзья! Часто ли вы покупаете еду или воду в специализированных для этого автоматах? Лично я никогда. Но Google хочет перевернуть во мне представление о подобных автоматах!\r\n \r\n\r\nЯпонское подразделение Google запустило в Токио экспериментальный проект - продажу игр с помощью автоматов, в которых обычно покупают еду и напитки. Для установки игр нужен Android 4.0+ и NFC модуль.\r\n\r\nЗа автоматом наблюдают специальные гуглолюди, которые подозрительно на вас смотрят и вынуждают вас потратить больше-больше-больше денег! Но отвлечемся от теории всемирного заговора и вернемся к нашему автомату. На экране показано 18 игр, как платных, так и бесплатных. За каждое скачивание пользователь получает сувенир - сначала он появляется на экране, а затем по-настоящему выскакивает из лотка внизу аппарата, как газировка. Что приятно, так это то, что Google, если вы не знаете что такое андроид, предложит вам им попользоваться, на примере гуглофона Nexus 4!\r\n \r\n\r\nНе знаю как вы, а я к этой идее отнесся с оптимизмом. Например если поставить такие автоматы туда где нет интернета, то быстро закачать полезное приложение будет очень кстати!\r\n\r\nПричем моду на автоматы некоторые компании взяли давно. В больших торговых центрах я часто наблюдаю картину, когда в подобных автоматах продаются чехлы для iPhone. И очень хорошо продаются! А значит у идеи определенно есть потенциал, правда пока проект в статусе бета, но я думаю, что скоро такие автоматы будут во все прогрессивных странах!	2013-10-01 11:30:38.088602	\N
3	Тестовый контент 2	content_slug_2	Привет друзья! Часто ли вы покупаете еду или воду в специализированных для этого автоматах? Лично я никогда. Но Google хочет перевернуть во мне представление о подобных автоматах!\r\n \r\n\r\nЯпонское подразделение Google запустило в Токио экспериментальный проект - продажу игр с помощью автоматов, в которых обычно покупают еду и напитки. Для установки игр нужен Android 4.0+ и NFC модуль.\r\n\r\nЗа автоматом наблюдают специальные гуглолюди, которые подозрительно на вас смотрят и вынуждают вас потратить больше-больше-больше денег! Но отвлечемся от теории всемирного заговора и вернемся к нашему автомату. На экране показано 18 игр, как платных, так и бесплатных. За каждое скачивание пользователь получает сувенир - сначала он появляется на экране, а затем по-настоящему выскакивает из лотка внизу аппарата, как газировка. Что приятно, так это то, что Google, если вы не знаете что такое андроид, предложит вам им попользоваться, на примере гуглофона Nexus 4!\r\n \r\n\r\nНе знаю как вы, а я к этой идее отнесся с оптимизмом. Например если поставить такие автоматы туда где нет интернета, то быстро закачать полезное приложение будет очень кстати!\r\n\r\nПричем моду на автоматы некоторые компании взяли давно. В больших торговых центрах я часто наблюдаю картину, когда в подобных автоматах продаются чехлы для iPhone. И очень хорошо продаются! А значит у идеи определенно есть потенциал, правда пока проект в статусе бета, но я думаю, что скоро такие автоматы будут во все прогрессивных странах!	2013-10-01 11:30:38.088602	\N
4	Тестовый контент 3	content_slug_3	Привет друзья! Часто ли вы покупаете еду или воду в специализированных для этого автоматах? Лично я никогда. Но Google хочет перевернуть во мне представление о подобных автоматах!\r\n \r\n\r\nЯпонское подразделение Google запустило в Токио экспериментальный проект - продажу игр с помощью автоматов, в которых обычно покупают еду и напитки. Для установки игр нужен Android 4.0+ и NFC модуль.\r\n\r\nЗа автоматом наблюдают специальные гуглолюди, которые подозрительно на вас смотрят и вынуждают вас потратить больше-больше-больше денег! Но отвлечемся от теории всемирного заговора и вернемся к нашему автомату. На экране показано 18 игр, как платных, так и бесплатных. За каждое скачивание пользователь получает сувенир - сначала он появляется на экране, а затем по-настоящему выскакивает из лотка внизу аппарата, как газировка. Что приятно, так это то, что Google, если вы не знаете что такое андроид, предложит вам им попользоваться, на примере гуглофона Nexus 4!\r\n \r\n\r\nНе знаю как вы, а я к этой идее отнесся с оптимизмом. Например если поставить такие автоматы туда где нет интернета, то быстро закачать полезное приложение будет очень кстати!\r\n\r\nПричем моду на автоматы некоторые компании взяли давно. В больших торговых центрах я часто наблюдаю картину, когда в подобных автоматах продаются чехлы для iPhone. И очень хорошо продаются! А значит у идеи определенно есть потенциал, правда пока проект в статусе бета, но я думаю, что скоро такие автоматы будут во все прогрессивных странах!	2013-10-01 11:30:38.088602	\N
5	Тестовый контент 4	content_slug_4	Привет друзья! Часто ли вы покупаете еду или воду в специализированных для этого автоматах? Лично я никогда. Но Google хочет перевернуть во мне представление о подобных автоматах!\r\n \r\n\r\nЯпонское подразделение Google запустило в Токио экспериментальный проект - продажу игр с помощью автоматов, в которых обычно покупают еду и напитки. Для установки игр нужен Android 4.0+ и NFC модуль.\r\n\r\nЗа автоматом наблюдают специальные гуглолюди, которые подозрительно на вас смотрят и вынуждают вас потратить больше-больше-больше денег! Но отвлечемся от теории всемирного заговора и вернемся к нашему автомату. На экране показано 18 игр, как платных, так и бесплатных. За каждое скачивание пользователь получает сувенир - сначала он появляется на экране, а затем по-настоящему выскакивает из лотка внизу аппарата, как газировка. Что приятно, так это то, что Google, если вы не знаете что такое андроид, предложит вам им попользоваться, на примере гуглофона Nexus 4!\r\n \r\n\r\nНе знаю как вы, а я к этой идее отнесся с оптимизмом. Например если поставить такие автоматы туда где нет интернета, то быстро закачать полезное приложение будет очень кстати!\r\n\r\nПричем моду на автоматы некоторые компании взяли давно. В больших торговых центрах я часто наблюдаю картину, когда в подобных автоматах продаются чехлы для iPhone. И очень хорошо продаются! А значит у идеи определенно есть потенциал, правда пока проект в статусе бета, но я думаю, что скоро такие автоматы будут во все прогрессивных странах!	2013-10-01 11:30:38.088602	\N
\.


--
-- Name: content_id_seq; Type: SEQUENCE SET; Schema: public; Owner: -
--

SELECT pg_catalog.setval('content_id_seq', 100, false);


--
-- Data for Name: cron_mail; Type: TABLE DATA; Schema: public; Owner: -
--

COPY cron_mail (id, subject, body, body_alt, to_mail, to_name, from_mail, from_name, is_sent, attachment_file, attachment_name) FROM stdin;
\.


--
-- Name: cron_mail_id_seq; Type: SEQUENCE SET; Schema: public; Owner: -
--

SELECT pg_catalog.setval('cron_mail_id_seq', 1, false);


--
-- Data for Name: smtp; Type: TABLE DATA; Schema: public; Owner: -
--

COPY smtp (id, host, username, password, port, encryption, timeout, "extensionHandlers", using_count, banned) FROM stdin;
\.


--
-- Name: smtp_id_seq; Type: SEQUENCE SET; Schema: public; Owner: -
--

SELECT pg_catalog.setval('smtp_id_seq', 1, false);


--
-- Data for Name: token; Type: TABLE DATA; Schema: public; Owner: -
--

COPY token (id, application_id, user_id, token, expire_at, created_at, updated_at) FROM stdin;
1	3	101	e4e5b4b2e7cdf533c34cadea63663755	2013-12-10 07:17:46	2013-12-10 07:12:46	\N
2	3	10001	ca96a089c56f1066829b115a26a59931	2013-12-11 10:51:40	2013-12-11 10:46:40	\N
3	3	101	a6d2ebed830d5c324db9a197441ac8be	2014-02-18 13:17:59	2014-02-18 13:12:59	\N
4	3	2	4666a239d7103f31e8837cc795bdf014	2014-02-26 13:29:24	2014-02-26 13:24:24	\N
5	3	2	b3db4c63713ffd47142d6a72ad0bf7ec	2014-02-26 13:50:37	2014-02-26 13:45:37	\N
6	3	2	fa8780b6085807cdb42ed5f8055fa10c	2014-02-26 14:00:21	2014-02-26 13:55:21	\N
7	3	2	bb9320a857b5da4953af85cf993b856d	2014-02-26 14:06:01	2014-02-26 14:01:01	\N
8	3	2	b487753526d7f802114662528905f58c	2014-02-26 14:49:06	2014-02-26 14:44:06	\N
9	3	2	75cf8bd262a13606e6ea2a3b764b3be8	2014-02-26 16:16:51	2014-02-26 16:11:51	\N
10	3	2	110d0ab7add3af8a9be66d4cf51fae52	2014-02-26 16:26:21	2014-02-26 16:21:21	\N
11	3	2	1f24d977ae24fe2922488e47b718b31e	2014-02-26 17:58:13	2014-02-26 17:53:13	\N
\.


--
-- Name: token_id_seq; Type: SEQUENCE SET; Schema: public; Owner: -
--

SELECT pg_catalog.setval('token_id_seq', 11, true);


--
-- Data for Name: user; Type: TABLE DATA; Schema: public; Owner: -
--

COPY "user" (id, username, email, key, created_at, updated_at, role, is_active, last_login, password, avatar_name, last_name, middle_name, first_name) FROM stdin;
9	user9	user9@user.com	\N	2013-09-29 02:32:20	2013-10-29 02:32:20	user	t	\N	87dc1e131a1369fdf8f1c824a6a62dff	\N	\N	\N	\N
10	user10	user10@user.com	\N	2013-09-28 01:31:20	\N	user	t	2013-11-12 01:31:20	87dc1e131a1369fdf8f1c824a6a62dff	\N	\N	\N	\N
11	user11	user11@user.com	\N	2013-09-27 00:30:20	2013-10-27 00:30:20	user	t	2013-11-11 00:30:20	87dc1e131a1369fdf8f1c824a6a62dff	\N	\N	\N	\N
12	user12	user12@user.com	\N	2013-09-25 23:29:20	2013-10-25 23:29:20	user	t	\N	87dc1e131a1369fdf8f1c824a6a62dff	\N	\N	\N	\N
13	user13	user13@user.com	\N	2013-09-24 22:28:20	2013-10-24 22:28:20	user	t	2013-11-08 22:28:20	87dc1e131a1369fdf8f1c824a6a62dff	\N	\N	\N	\N
14	user14	user14@user.com	\N	2013-09-23 21:27:20	2013-10-23 21:27:20	user	t	2013-11-07 21:27:20	87dc1e131a1369fdf8f1c824a6a62dff	\N	\N	\N	\N
15	user15	user15@user.com	\N	2013-09-22 20:26:20	\N	user	t	\N	87dc1e131a1369fdf8f1c824a6a62dff	\N	\N	\N	\N
16	user16	user16@user.com	\N	2013-09-21 19:25:20	2013-10-21 19:25:20	user	t	2013-11-05 19:25:20	87dc1e131a1369fdf8f1c824a6a62dff	\N	\N	\N	\N
17	user17	user17@user.com	\N	2013-09-20 18:24:20	2013-10-20 18:24:20	user	t	2013-11-04 18:24:20	87dc1e131a1369fdf8f1c824a6a62dff	\N	\N	\N	\N
18	user18	user18@user.com	\N	2013-09-19 17:23:20	2013-10-19 17:23:20	user	t	\N	87dc1e131a1369fdf8f1c824a6a62dff	\N	\N	\N	\N
19	user19	user19@user.com	\N	2013-09-18 16:22:20	2013-10-18 16:22:20	user	t	2013-11-02 16:22:20	87dc1e131a1369fdf8f1c824a6a62dff	\N	\N	\N	\N
20	user20	user20@user.com	\N	2013-09-17 15:21:20	\N	user	t	2013-11-01 15:21:20	87dc1e131a1369fdf8f1c824a6a62dff	\N	\N	\N	\N
21	user21	user21@user.com	\N	2013-09-16 14:20:20	2013-10-16 14:20:20	user	t	\N	87dc1e131a1369fdf8f1c824a6a62dff	\N	\N	\N	\N
23	user23	user23@user.com	\N	2013-09-14 12:18:20	2013-10-14 12:18:20	user	t	2013-10-29 12:18:20	87dc1e131a1369fdf8f1c824a6a62dff	\N	\N	\N	\N
24	user24	user24@user.com	\N	2013-09-13 11:17:20	2013-10-13 11:17:20	user	t	\N	87dc1e131a1369fdf8f1c824a6a62dff	\N	\N	\N	\N
25	user25	user25@user.com	\N	2013-09-12 10:16:20	\N	user	t	2013-10-27 10:16:20	87dc1e131a1369fdf8f1c824a6a62dff	\N	\N	\N	\N
26	user26	user26@user.com	\N	2013-09-11 09:15:20	2013-10-11 09:15:20	user	t	2013-10-26 09:15:20	87dc1e131a1369fdf8f1c824a6a62dff	\N	\N	\N	\N
27	user27	user27@user.com	\N	2013-09-10 08:14:20	2013-10-10 08:14:20	user	t	\N	87dc1e131a1369fdf8f1c824a6a62dff	\N	\N	\N	\N
28	user28	user28@user.com	\N	2013-09-09 07:13:20	2013-10-09 07:13:20	user	t	2013-10-24 07:13:20	87dc1e131a1369fdf8f1c824a6a62dff	\N	\N	\N	\N
29	user29	user29@user.com	\N	2013-09-08 06:12:20	2013-10-08 06:12:20	user	t	2013-10-23 06:12:20	87dc1e131a1369fdf8f1c824a6a62dff	\N	\N	\N	\N
30	user30	user30@user.com	\N	2013-09-07 05:11:20	\N	user	t	\N	87dc1e131a1369fdf8f1c824a6a62dff	\N	\N	\N	\N
31	user31	user31@user.com	\N	2013-09-06 04:10:20	2013-10-06 04:10:20	user	t	2013-10-21 04:10:20	87dc1e131a1369fdf8f1c824a6a62dff	\N	\N	\N	\N
32	user32	user32@user.com	\N	2013-09-05 03:09:20	2013-10-05 03:09:20	user	t	2013-10-20 03:09:20	87dc1e131a1369fdf8f1c824a6a62dff	\N	\N	\N	\N
33	user33	user33@user.com	\N	2013-09-04 02:08:20	2013-10-04 02:08:20	user	t	\N	87dc1e131a1369fdf8f1c824a6a62dff	\N	\N	\N	\N
34	user34	user34@user.com	\N	2013-09-03 01:07:20	2013-10-03 01:07:20	user	t	2013-10-18 01:07:20	87dc1e131a1369fdf8f1c824a6a62dff	\N	\N	\N	\N
35	user35	user35@user.com	\N	2013-09-02 00:06:20	\N	user	t	2013-10-17 00:06:20	87dc1e131a1369fdf8f1c824a6a62dff	\N	\N	\N	\N
36	user36	user36@user.com	\N	2013-08-31 23:05:20	2013-09-30 23:05:20	user	t	\N	87dc1e131a1369fdf8f1c824a6a62dff	\N	\N	\N	\N
37	user37	user37@user.com	\N	2013-08-30 22:04:20	2013-09-29 22:04:20	user	t	2013-10-14 22:04:20	87dc1e131a1369fdf8f1c824a6a62dff	\N	\N	\N	\N
38	user38	user38@user.com	\N	2013-08-29 21:03:20	2013-09-28 21:03:20	user	t	2013-10-13 21:03:20	87dc1e131a1369fdf8f1c824a6a62dff	\N	\N	\N	\N
39	user39	user39@user.com	\N	2013-08-28 20:02:20	2013-09-27 20:02:20	user	t	\N	87dc1e131a1369fdf8f1c824a6a62dff	\N	\N	\N	\N
40	user40	user40@user.com	\N	2013-08-27 19:01:20	\N	user	t	2013-10-11 19:01:20	87dc1e131a1369fdf8f1c824a6a62dff	\N	\N	\N	\N
41	user41	user41@user.com	\N	2013-08-26 18:00:20	2013-09-25 18:00:20	user	t	2013-10-10 18:00:20	87dc1e131a1369fdf8f1c824a6a62dff	\N	\N	\N	\N
42	user42	user42@user.com	\N	2013-08-25 16:59:20	2013-09-24 16:59:20	user	t	\N	87dc1e131a1369fdf8f1c824a6a62dff	\N	\N	\N	\N
43	user43	user43@user.com	\N	2013-08-24 15:58:20	2013-09-23 15:58:20	user	t	2013-10-08 15:58:20	87dc1e131a1369fdf8f1c824a6a62dff	\N	\N	\N	\N
44	user44	user44@user.com	\N	2013-08-23 14:57:20	2013-09-22 14:57:20	user	t	2013-10-07 14:57:20	87dc1e131a1369fdf8f1c824a6a62dff	\N	\N	\N	\N
46	user46	user46@user.com	\N	2013-08-21 12:55:20	2013-09-20 12:55:20	user	t	2013-10-05 12:55:20	87dc1e131a1369fdf8f1c824a6a62dff	\N	\N	\N	\N
47	user47	user47@user.com	\N	2013-08-20 11:54:20	2013-09-19 11:54:20	user	t	2013-10-04 11:54:20	87dc1e131a1369fdf8f1c824a6a62dff	\N	\N	\N	\N
48	user48	user48@user.com	\N	2013-08-19 10:53:20	2013-09-18 10:53:20	user	t	\N	87dc1e131a1369fdf8f1c824a6a62dff	\N	\N	\N	\N
49	user49	user49@user.com	\N	2013-08-18 09:52:20	2013-09-17 09:52:20	user	t	2013-10-02 09:52:20	87dc1e131a1369fdf8f1c824a6a62dff	\N	\N	\N	\N
50	user50	user50@user.com	\N	2013-08-17 08:51:20	\N	user	t	2013-10-01 08:51:20	87dc1e131a1369fdf8f1c824a6a62dff	\N	\N	\N	\N
51	user51	user51@user.com	\N	2013-08-16 07:50:20	2013-09-15 07:50:20	user	t	\N	87dc1e131a1369fdf8f1c824a6a62dff	\N	\N	\N	\N
52	user52	user52@user.com	\N	2013-08-15 06:49:20	2013-09-14 06:49:20	user	t	2013-09-29 06:49:20	87dc1e131a1369fdf8f1c824a6a62dff	\N	\N	\N	\N
53	user53	user53@user.com	\N	2013-08-14 05:48:20	2013-09-13 05:48:20	user	t	2013-09-28 05:48:20	87dc1e131a1369fdf8f1c824a6a62dff	\N	\N	\N	\N
54	user54	user54@user.com	\N	2013-08-13 04:47:20	2013-09-12 04:47:20	user	t	\N	87dc1e131a1369fdf8f1c824a6a62dff	\N	\N	\N	\N
55	user55	user55@user.com	\N	2013-08-12 03:46:20	\N	user	t	2013-09-26 03:46:20	87dc1e131a1369fdf8f1c824a6a62dff	\N	\N	\N	\N
56	user56	user56@user.com	\N	2013-08-11 02:45:20	2013-09-10 02:45:20	user	t	2013-09-25 02:45:20	87dc1e131a1369fdf8f1c824a6a62dff	\N	\N	\N	\N
57	user57	user57@user.com	\N	2013-08-10 01:44:20	2013-09-09 01:44:20	user	t	\N	87dc1e131a1369fdf8f1c824a6a62dff	\N	\N	\N	\N
58	user58	user58@user.com	\N	2013-08-09 00:43:20	2013-09-08 00:43:20	user	t	2013-09-23 00:43:20	87dc1e131a1369fdf8f1c824a6a62dff	\N	\N	\N	\N
59	user59	user59@user.com	\N	2013-08-07 23:42:20	2013-09-06 23:42:20	user	t	2013-09-21 23:42:20	87dc1e131a1369fdf8f1c824a6a62dff	\N	\N	\N	\N
60	user60	user60@user.com	\N	2013-08-06 22:41:20	\N	user	t	\N	87dc1e131a1369fdf8f1c824a6a62dff	\N	\N	\N	\N
61	user61	user61@user.com	\N	2013-08-05 21:40:20	2013-09-04 21:40:20	user	t	2013-09-19 21:40:20	87dc1e131a1369fdf8f1c824a6a62dff	\N	\N	\N	\N
4	user4	user4@user.com	\N	2013-10-04 07:37:20	2013-11-03 07:37:20	user	t	2013-11-18 07:37:20	87dc1e131a1369fdf8f1c824a6a62dff	4.jpg	\N	\N	\N
7	user7	user7@user.com	\N	2013-10-01 04:34:20	2013-10-31 04:34:20	user	t	2013-11-15 04:34:20	87dc1e131a1369fdf8f1c824a6a62dff	7.jpg	\N	\N	\N
8	user8	user8@user.com	\N	2013-09-30 03:33:20	2013-10-30 03:33:20	user	t	2013-11-14 03:33:20	87dc1e131a1369fdf8f1c824a6a62dff	8.jpg	\N	\N	\N
62	user62	user62@user.com	\N	2013-08-04 20:39:20	2013-09-03 20:39:20	user	t	2013-09-18 20:39:20	87dc1e131a1369fdf8f1c824a6a62dff	\N	\N	\N	\N
45	user45	user45@user.com	\N	2013-08-22 13:56:20	2014-02-26 15:32:48	user	t	2014-02-26 15:32:48	87dc1e131a1369fdf8f1c824a6a62dff	\N	\N	\N	\N
3	user3	user3@user.com	\N	2013-10-05 08:38:20	2014-02-27 05:46:36	user	t	2014-02-27 05:46:36	87dc1e131a1369fdf8f1c824a6a62dff	3.jpg	\N	\N	\N
6	user6	user6@user.com	\N	2013-10-02 05:35:20	2014-02-26 14:45:55	user	t	2014-02-26 14:45:55	87dc1e131a1369fdf8f1c824a6a62dff	6.jpg	\N	\N	\N
22	user22	user22@user.com	\N	2013-09-15 13:19:20	2014-02-26 16:05:21	user	t	2014-02-26 16:05:21	87dc1e131a1369fdf8f1c824a6a62dff	\N	\N	\N	\N
63	user63	user63@user.com	\N	2013-08-03 19:38:20	2013-09-02 19:38:20	user	t	\N	87dc1e131a1369fdf8f1c824a6a62dff	\N	\N	\N	\N
64	user64	user64@user.com	\N	2013-08-02 18:37:20	2013-09-01 18:37:20	user	t	2013-09-16 18:37:20	87dc1e131a1369fdf8f1c824a6a62dff	\N	\N	\N	\N
65	user65	user65@user.com	\N	2013-08-01 17:36:20	\N	user	t	2013-09-15 17:36:20	87dc1e131a1369fdf8f1c824a6a62dff	\N	\N	\N	\N
66	user66	user66@user.com	\N	2013-07-31 16:35:20	2013-08-30 16:35:20	user	t	\N	87dc1e131a1369fdf8f1c824a6a62dff	\N	\N	\N	\N
67	user67	user67@user.com	\N	2013-07-30 15:34:20	2013-08-29 15:34:20	user	t	2013-09-13 15:34:20	87dc1e131a1369fdf8f1c824a6a62dff	\N	\N	\N	\N
68	user68	user68@user.com	\N	2013-07-29 14:33:20	2013-08-28 14:33:20	user	t	2013-09-12 14:33:20	87dc1e131a1369fdf8f1c824a6a62dff	\N	\N	\N	\N
69	user69	user69@user.com	\N	2013-07-28 13:32:20	2013-08-27 13:32:20	user	t	\N	87dc1e131a1369fdf8f1c824a6a62dff	\N	\N	\N	\N
70	user70	user70@user.com	\N	2013-07-27 12:31:20	\N	user	t	2013-09-10 12:31:20	87dc1e131a1369fdf8f1c824a6a62dff	\N	\N	\N	\N
71	user71	user71@user.com	\N	2013-07-26 11:30:20	2013-08-25 11:30:20	user	t	2013-09-09 11:30:20	87dc1e131a1369fdf8f1c824a6a62dff	\N	\N	\N	\N
72	user72	user72@user.com	\N	2013-07-25 10:29:20	2013-08-24 10:29:20	user	t	\N	87dc1e131a1369fdf8f1c824a6a62dff	\N	\N	\N	\N
73	user73	user73@user.com	\N	2013-07-24 09:28:20	2013-08-23 09:28:20	user	t	2013-09-07 09:28:20	87dc1e131a1369fdf8f1c824a6a62dff	\N	\N	\N	\N
74	user74	user74@user.com	\N	2013-07-23 08:27:20	2013-08-22 08:27:20	user	t	2013-09-06 08:27:20	87dc1e131a1369fdf8f1c824a6a62dff	\N	\N	\N	\N
76	user76	user76@user.com	\N	2013-07-21 06:25:20	2013-08-20 06:25:20	user	t	2013-09-04 06:25:20	87dc1e131a1369fdf8f1c824a6a62dff	\N	\N	\N	\N
77	user77	user77@user.com	\N	2013-07-20 05:24:20	2013-08-19 05:24:20	user	t	2013-09-03 05:24:20	87dc1e131a1369fdf8f1c824a6a62dff	\N	\N	\N	\N
78	user78	user78@user.com	\N	2013-07-19 04:23:20	2013-08-18 04:23:20	user	t	\N	87dc1e131a1369fdf8f1c824a6a62dff	\N	\N	\N	\N
79	user79	user79@user.com	\N	2013-07-18 03:22:20	2013-08-17 03:22:20	user	t	2013-09-01 03:22:20	87dc1e131a1369fdf8f1c824a6a62dff	\N	\N	\N	\N
80	user80	user80@user.com	\N	2013-07-17 02:21:20	\N	user	t	2013-08-31 02:21:20	87dc1e131a1369fdf8f1c824a6a62dff	\N	\N	\N	\N
81	user81	user81@user.com	\N	2013-07-16 01:20:20	2013-08-15 01:20:20	user	t	\N	87dc1e131a1369fdf8f1c824a6a62dff	\N	\N	\N	\N
82	user82	user82@user.com	\N	2013-07-15 00:19:20	2013-08-14 00:19:20	user	t	2013-08-29 00:19:20	87dc1e131a1369fdf8f1c824a6a62dff	\N	\N	\N	\N
83	user83	user83@user.com	\N	2013-07-13 23:18:20	2013-08-12 23:18:20	user	t	2013-08-27 23:18:20	87dc1e131a1369fdf8f1c824a6a62dff	\N	\N	\N	\N
84	user84	user84@user.com	\N	2013-07-12 22:17:20	2013-08-11 22:17:20	user	t	\N	87dc1e131a1369fdf8f1c824a6a62dff	\N	\N	\N	\N
85	user85	user85@user.com	\N	2013-07-11 21:16:20	\N	user	t	2013-08-25 21:16:20	87dc1e131a1369fdf8f1c824a6a62dff	\N	\N	\N	\N
86	user86	user86@user.com	\N	2013-07-10 20:15:20	2013-08-09 20:15:20	user	t	2013-08-24 20:15:20	87dc1e131a1369fdf8f1c824a6a62dff	\N	\N	\N	\N
87	user87	user87@user.com	\N	2013-07-09 19:14:20	2013-08-08 19:14:20	user	t	\N	87dc1e131a1369fdf8f1c824a6a62dff	\N	\N	\N	\N
88	user88	user88@user.com	\N	2013-07-08 18:13:20	2013-08-07 18:13:20	user	t	2013-08-22 18:13:20	87dc1e131a1369fdf8f1c824a6a62dff	\N	\N	\N	\N
89	user89	user89@user.com	\N	2013-07-07 17:12:20	2013-08-06 17:12:20	user	t	2013-08-21 17:12:20	87dc1e131a1369fdf8f1c824a6a62dff	\N	\N	\N	\N
90	user90	user90@user.com	\N	2013-07-06 16:11:20	\N	user	t	\N	87dc1e131a1369fdf8f1c824a6a62dff	\N	\N	\N	\N
91	user91	user91@user.com	\N	2013-07-05 15:10:20	2013-08-04 15:10:20	user	t	2013-08-19 15:10:20	87dc1e131a1369fdf8f1c824a6a62dff	\N	\N	\N	\N
92	user92	user92@user.com	\N	2013-07-04 14:09:20	2013-08-03 14:09:20	user	t	2013-08-18 14:09:20	87dc1e131a1369fdf8f1c824a6a62dff	\N	\N	\N	\N
93	user93	user93@user.com	\N	2013-07-03 13:08:20	2013-08-02 13:08:20	user	t	\N	87dc1e131a1369fdf8f1c824a6a62dff	\N	\N	\N	\N
94	user94	user94@user.com	\N	2013-07-02 12:07:20	2013-08-01 12:07:20	user	t	2013-08-16 12:07:20	87dc1e131a1369fdf8f1c824a6a62dff	\N	\N	\N	\N
95	user95	user95@user.com	\N	2013-07-01 11:06:20	\N	user	t	2013-08-15 11:06:20	87dc1e131a1369fdf8f1c824a6a62dff	\N	\N	\N	\N
96	user96	user96@user.com	\N	2013-06-30 10:05:20	2013-07-30 10:05:20	user	t	\N	87dc1e131a1369fdf8f1c824a6a62dff	\N	\N	\N	\N
97	user97	user97@user.com	\N	2013-06-29 09:04:20	2013-07-29 09:04:20	user	t	2013-08-13 09:04:20	87dc1e131a1369fdf8f1c824a6a62dff	\N	\N	\N	\N
98	user98	user98@user.com	\N	2013-06-28 08:03:20	2013-07-28 08:03:20	user	t	2013-08-12 08:03:20	87dc1e131a1369fdf8f1c824a6a62dff	\N	\N	\N	\N
99	user99	user99@user.com	\N	2013-06-27 07:02:20	2013-07-27 07:02:20	user	t	\N	87dc1e131a1369fdf8f1c824a6a62dff	\N	\N	\N	\N
100	user100	user100@user.com	\N	2013-06-26 06:01:20	\N	user	t	2013-08-10 06:01:20	87dc1e131a1369fdf8f1c824a6a62dff	\N	\N	\N	\N
102	user102	user102@user.com	\N	2013-06-24 03:59:20	2013-07-24 03:59:20	user	t	\N	87dc1e131a1369fdf8f1c824a6a62dff	\N	\N	\N	\N
103	user103	user103@user.com	\N	2013-06-23 02:58:20	2013-07-23 02:58:20	user	t	2013-08-07 02:58:20	87dc1e131a1369fdf8f1c824a6a62dff	\N	\N	\N	\N
104	user104	user104@user.com	\N	2013-06-22 01:57:20	2013-07-22 01:57:20	user	t	2013-08-06 01:57:20	87dc1e131a1369fdf8f1c824a6a62dff	\N	\N	\N	\N
105	user105	user105@user.com	\N	2013-06-21 00:56:20	\N	user	t	\N	87dc1e131a1369fdf8f1c824a6a62dff	\N	\N	\N	\N
106	user106	user106@user.com	\N	2013-06-19 23:55:20	2013-07-19 23:55:20	user	t	2013-08-03 23:55:20	87dc1e131a1369fdf8f1c824a6a62dff	\N	\N	\N	\N
107	user107	user107@user.com	\N	2013-06-18 22:54:20	2013-07-18 22:54:20	user	t	2013-08-02 22:54:20	87dc1e131a1369fdf8f1c824a6a62dff	\N	\N	\N	\N
108	user108	user108@user.com	\N	2013-06-17 21:53:20	2013-07-17 21:53:20	user	t	\N	87dc1e131a1369fdf8f1c824a6a62dff	\N	\N	\N	\N
109	user109	user109@user.com	\N	2013-06-16 20:52:20	2013-07-16 20:52:20	user	t	2013-07-31 20:52:20	87dc1e131a1369fdf8f1c824a6a62dff	\N	\N	\N	\N
111	user111	user111@user.com	\N	2013-06-14 18:50:20	2013-07-14 18:50:20	user	t	\N	87dc1e131a1369fdf8f1c824a6a62dff	\N	\N	\N	\N
112	user112	user112@user.com	\N	2013-06-13 17:49:20	2013-07-13 17:49:20	user	t	2013-07-28 17:49:20	87dc1e131a1369fdf8f1c824a6a62dff	\N	\N	\N	\N
113	user113	user113@user.com	\N	2013-06-12 16:48:20	2013-07-12 16:48:20	user	t	2013-07-27 16:48:20	87dc1e131a1369fdf8f1c824a6a62dff	\N	\N	\N	\N
114	user114	user114@user.com	\N	2013-06-11 15:47:20	2013-07-11 15:47:20	user	t	\N	87dc1e131a1369fdf8f1c824a6a62dff	\N	\N	\N	\N
115	user115	user115@user.com	\N	2013-06-10 14:46:20	\N	user	t	2013-07-25 14:46:20	87dc1e131a1369fdf8f1c824a6a62dff	\N	\N	\N	\N
116	user116	user116@user.com	\N	2013-06-09 13:45:20	2013-07-09 13:45:20	user	t	2013-07-24 13:45:20	87dc1e131a1369fdf8f1c824a6a62dff	\N	\N	\N	\N
117	user117	user117@user.com	\N	2013-06-08 12:44:20	2013-07-08 12:44:20	user	t	\N	87dc1e131a1369fdf8f1c824a6a62dff	\N	\N	\N	\N
118	user118	user118@user.com	\N	2013-06-07 11:43:20	2013-07-07 11:43:20	user	t	2013-07-22 11:43:20	87dc1e131a1369fdf8f1c824a6a62dff	\N	\N	\N	\N
119	user119	user119@user.com	\N	2013-06-06 10:42:20	2013-07-06 10:42:20	user	t	2013-07-21 10:42:20	87dc1e131a1369fdf8f1c824a6a62dff	\N	\N	\N	\N
120	user120	user120@user.com	\N	2013-06-05 09:41:20	\N	user	t	\N	87dc1e131a1369fdf8f1c824a6a62dff	\N	\N	\N	\N
121	user121	user121@user.com	\N	2013-06-04 08:40:20	2013-07-04 08:40:20	user	t	2013-07-19 08:40:20	87dc1e131a1369fdf8f1c824a6a62dff	\N	\N	\N	\N
122	user122	user122@user.com	\N	2013-06-03 07:39:20	2013-07-03 07:39:20	user	t	2013-07-18 07:39:20	87dc1e131a1369fdf8f1c824a6a62dff	\N	\N	\N	\N
123	user123	user123@user.com	\N	2013-06-02 06:38:20	2013-07-02 06:38:20	user	t	\N	87dc1e131a1369fdf8f1c824a6a62dff	\N	\N	\N	\N
124	user124	user124@user.com	\N	2013-06-01 05:37:20	2013-07-01 05:37:20	user	t	2013-07-16 05:37:20	87dc1e131a1369fdf8f1c824a6a62dff	\N	\N	\N	\N
110	user110	user110@user.com	\N	2013-06-15 19:51:20	2014-02-26 16:22:11	user	t	2014-02-26 16:22:11	87dc1e131a1369fdf8f1c824a6a62dff	\N	\N	\N	\N
125	user125	user125@user.com	\N	2013-05-31 04:36:20	\N	user	t	2013-07-15 04:36:20	87dc1e131a1369fdf8f1c824a6a62dff	\N	\N	\N	\N
126	user126	user126@user.com	\N	2013-05-30 03:35:20	2013-06-29 03:35:20	user	t	\N	87dc1e131a1369fdf8f1c824a6a62dff	\N	\N	\N	\N
127	user127	user127@user.com	\N	2013-05-29 02:34:20	2013-06-28 02:34:20	user	t	2013-07-13 02:34:20	87dc1e131a1369fdf8f1c824a6a62dff	\N	\N	\N	\N
128	user128	user128@user.com	\N	2013-05-28 01:33:20	2013-06-27 01:33:20	user	t	2013-07-12 01:33:20	87dc1e131a1369fdf8f1c824a6a62dff	\N	\N	\N	\N
129	user129	user129@user.com	\N	2013-05-27 00:32:20	2013-06-26 00:32:20	user	t	\N	87dc1e131a1369fdf8f1c824a6a62dff	\N	\N	\N	\N
130	user130	user130@user.com	\N	2013-05-25 23:31:20	\N	user	t	2013-07-09 23:31:20	87dc1e131a1369fdf8f1c824a6a62dff	\N	\N	\N	\N
131	user131	user131@user.com	\N	2013-05-24 22:30:20	2013-06-23 22:30:20	user	t	2013-07-08 22:30:20	87dc1e131a1369fdf8f1c824a6a62dff	\N	\N	\N	\N
132	user132	user132@user.com	\N	2013-05-23 21:29:20	2013-06-22 21:29:20	user	t	\N	87dc1e131a1369fdf8f1c824a6a62dff	\N	\N	\N	\N
133	user133	user133@user.com	\N	2013-05-22 20:28:20	2013-06-21 20:28:20	user	t	2013-07-06 20:28:20	87dc1e131a1369fdf8f1c824a6a62dff	\N	\N	\N	\N
134	user134	user134@user.com	\N	2013-05-21 19:27:20	2013-06-20 19:27:20	user	t	2013-07-05 19:27:20	87dc1e131a1369fdf8f1c824a6a62dff	\N	\N	\N	\N
135	user135	user135@user.com	\N	2013-05-20 18:26:20	\N	user	t	\N	87dc1e131a1369fdf8f1c824a6a62dff	\N	\N	\N	\N
136	user136	user136@user.com	\N	2013-05-19 17:25:20	2013-06-18 17:25:20	user	t	2013-07-03 17:25:20	87dc1e131a1369fdf8f1c824a6a62dff	\N	\N	\N	\N
137	user137	user137@user.com	\N	2013-05-18 16:24:20	2013-06-17 16:24:20	user	t	2013-07-02 16:24:20	87dc1e131a1369fdf8f1c824a6a62dff	\N	\N	\N	\N
138	user138	user138@user.com	\N	2013-05-17 15:23:20	2013-06-16 15:23:20	user	t	\N	87dc1e131a1369fdf8f1c824a6a62dff	\N	\N	\N	\N
139	user139	user139@user.com	\N	2013-05-16 14:22:20	2013-06-15 14:22:20	user	t	2013-06-30 14:22:20	87dc1e131a1369fdf8f1c824a6a62dff	\N	\N	\N	\N
140	user140	user140@user.com	\N	2013-05-15 13:21:20	\N	user	t	2013-06-29 13:21:20	87dc1e131a1369fdf8f1c824a6a62dff	\N	\N	\N	\N
141	user141	user141@user.com	\N	2013-05-14 12:20:20	2013-06-13 12:20:20	user	t	\N	87dc1e131a1369fdf8f1c824a6a62dff	\N	\N	\N	\N
142	user142	user142@user.com	\N	2013-05-13 11:19:20	2013-06-12 11:19:20	user	t	2013-06-27 11:19:20	87dc1e131a1369fdf8f1c824a6a62dff	\N	\N	\N	\N
143	user143	user143@user.com	\N	2013-05-12 10:18:20	2013-06-11 10:18:20	user	t	2013-06-26 10:18:20	87dc1e131a1369fdf8f1c824a6a62dff	\N	\N	\N	\N
144	user144	user144@user.com	\N	2013-05-11 09:17:20	2013-06-10 09:17:20	user	t	\N	87dc1e131a1369fdf8f1c824a6a62dff	\N	\N	\N	\N
145	user145	user145@user.com	\N	2013-05-10 08:16:20	\N	user	t	2013-06-24 08:16:20	87dc1e131a1369fdf8f1c824a6a62dff	\N	\N	\N	\N
146	user146	user146@user.com	\N	2013-05-09 07:15:20	2013-06-08 07:15:20	user	t	2013-06-23 07:15:20	87dc1e131a1369fdf8f1c824a6a62dff	\N	\N	\N	\N
147	user147	user147@user.com	\N	2013-05-08 06:14:20	2013-06-07 06:14:20	user	t	\N	87dc1e131a1369fdf8f1c824a6a62dff	\N	\N	\N	\N
148	user148	user148@user.com	\N	2013-05-07 05:13:20	2013-06-06 05:13:20	user	t	2013-06-21 05:13:20	87dc1e131a1369fdf8f1c824a6a62dff	\N	\N	\N	\N
149	user149	user149@user.com	\N	2013-05-06 04:12:20	2013-06-05 04:12:20	user	t	2013-06-20 04:12:20	87dc1e131a1369fdf8f1c824a6a62dff	\N	\N	\N	\N
150	user150	user150@user.com	\N	2013-05-05 03:11:20	\N	user	t	\N	87dc1e131a1369fdf8f1c824a6a62dff	\N	\N	\N	\N
151	user151	user151@user.com	\N	2013-05-04 02:10:20	2013-06-03 02:10:20	user	t	2013-06-18 02:10:20	87dc1e131a1369fdf8f1c824a6a62dff	\N	\N	\N	\N
152	user152	user152@user.com	\N	2013-05-03 01:09:20	2013-06-02 01:09:20	user	t	2013-06-17 01:09:20	87dc1e131a1369fdf8f1c824a6a62dff	\N	\N	\N	\N
153	user153	user153@user.com	\N	2013-05-02 00:08:20	2013-06-01 00:08:20	user	t	\N	87dc1e131a1369fdf8f1c824a6a62dff	\N	\N	\N	\N
154	user154	user154@user.com	\N	2013-04-30 23:07:20	2013-05-30 23:07:20	user	t	2013-06-14 23:07:20	87dc1e131a1369fdf8f1c824a6a62dff	\N	\N	\N	\N
155	user155	user155@user.com	\N	2013-04-29 22:06:20	\N	user	t	2013-06-13 22:06:20	87dc1e131a1369fdf8f1c824a6a62dff	\N	\N	\N	\N
156	user156	user156@user.com	\N	2013-04-28 21:05:20	2013-05-28 21:05:20	user	t	\N	87dc1e131a1369fdf8f1c824a6a62dff	\N	\N	\N	\N
157	user157	user157@user.com	\N	2013-04-27 20:04:20	2013-05-27 20:04:20	user	t	2013-06-11 20:04:20	87dc1e131a1369fdf8f1c824a6a62dff	\N	\N	\N	\N
158	user158	user158@user.com	\N	2013-04-26 19:03:20	2013-05-26 19:03:20	user	t	2013-06-10 19:03:20	87dc1e131a1369fdf8f1c824a6a62dff	\N	\N	\N	\N
159	user159	user159@user.com	\N	2013-04-25 18:02:20	2013-05-25 18:02:20	user	t	\N	87dc1e131a1369fdf8f1c824a6a62dff	\N	\N	\N	\N
160	user160	user160@user.com	\N	2013-04-24 17:01:20	\N	user	t	2013-06-08 17:01:20	87dc1e131a1369fdf8f1c824a6a62dff	\N	\N	\N	\N
161	user161	user161@user.com	\N	2013-04-23 16:00:20	2013-05-23 16:00:20	user	t	2013-06-07 16:00:20	87dc1e131a1369fdf8f1c824a6a62dff	\N	\N	\N	\N
162	user162	user162@user.com	\N	2013-04-22 14:59:20	2013-05-22 14:59:20	user	t	\N	87dc1e131a1369fdf8f1c824a6a62dff	\N	\N	\N	\N
163	user163	user163@user.com	\N	2013-04-21 13:58:20	2013-05-21 13:58:20	user	t	2013-06-05 13:58:20	87dc1e131a1369fdf8f1c824a6a62dff	\N	\N	\N	\N
164	user164	user164@user.com	\N	2013-04-20 12:57:20	2013-05-20 12:57:20	user	t	2013-06-04 12:57:20	87dc1e131a1369fdf8f1c824a6a62dff	\N	\N	\N	\N
165	user165	user165@user.com	\N	2013-04-19 11:56:20	\N	user	t	\N	87dc1e131a1369fdf8f1c824a6a62dff	\N	\N	\N	\N
166	user166	user166@user.com	\N	2013-04-18 10:55:20	2013-05-18 10:55:20	user	t	2013-06-02 10:55:20	87dc1e131a1369fdf8f1c824a6a62dff	\N	\N	\N	\N
167	user167	user167@user.com	\N	2013-04-17 09:54:20	2013-05-17 09:54:20	user	t	2013-06-01 09:54:20	87dc1e131a1369fdf8f1c824a6a62dff	\N	\N	\N	\N
168	user168	user168@user.com	\N	2013-04-16 08:53:20	2013-05-16 08:53:20	user	t	\N	87dc1e131a1369fdf8f1c824a6a62dff	\N	\N	\N	\N
169	user169	user169@user.com	\N	2013-04-15 07:52:20	2013-05-15 07:52:20	user	t	2013-05-30 07:52:20	87dc1e131a1369fdf8f1c824a6a62dff	\N	\N	\N	\N
170	user170	user170@user.com	\N	2013-04-14 06:51:20	\N	user	t	2013-05-29 06:51:20	87dc1e131a1369fdf8f1c824a6a62dff	\N	\N	\N	\N
171	user171	user171@user.com	\N	2013-04-13 05:50:20	2013-05-13 05:50:20	user	t	\N	87dc1e131a1369fdf8f1c824a6a62dff	\N	\N	\N	\N
172	user172	user172@user.com	\N	2013-04-12 04:49:20	2013-05-12 04:49:20	user	t	2013-05-27 04:49:20	87dc1e131a1369fdf8f1c824a6a62dff	\N	\N	\N	\N
173	user173	user173@user.com	\N	2013-04-11 03:48:20	2013-05-11 03:48:20	user	t	2013-05-26 03:48:20	87dc1e131a1369fdf8f1c824a6a62dff	\N	\N	\N	\N
174	user174	user174@user.com	\N	2013-04-10 02:47:20	2013-05-10 02:47:20	user	t	\N	87dc1e131a1369fdf8f1c824a6a62dff	\N	\N	\N	\N
175	user175	user175@user.com	\N	2013-04-09 01:46:20	\N	user	t	2013-05-24 01:46:20	87dc1e131a1369fdf8f1c824a6a62dff	\N	\N	\N	\N
176	user176	user176@user.com	\N	2013-04-08 00:45:20	2013-05-08 00:45:20	user	t	2013-05-23 00:45:20	87dc1e131a1369fdf8f1c824a6a62dff	\N	\N	\N	\N
177	user177	user177@user.com	\N	2013-04-06 23:44:20	2013-05-06 23:44:20	user	t	\N	87dc1e131a1369fdf8f1c824a6a62dff	\N	\N	\N	\N
178	user178	user178@user.com	\N	2013-04-05 22:43:20	2013-05-05 22:43:20	user	t	2013-05-20 22:43:20	87dc1e131a1369fdf8f1c824a6a62dff	\N	\N	\N	\N
179	user179	user179@user.com	\N	2013-04-04 21:42:20	2013-05-04 21:42:20	user	t	2013-05-19 21:42:20	87dc1e131a1369fdf8f1c824a6a62dff	\N	\N	\N	\N
180	user180	user180@user.com	\N	2013-04-03 20:41:20	\N	user	t	\N	87dc1e131a1369fdf8f1c824a6a62dff	\N	\N	\N	\N
181	user181	user181@user.com	\N	2013-04-02 19:40:20	2013-05-02 19:40:20	user	t	2013-05-17 19:40:20	87dc1e131a1369fdf8f1c824a6a62dff	\N	\N	\N	\N
182	user182	user182@user.com	\N	2013-04-01 18:39:20	2013-05-01 18:39:20	user	t	2013-05-16 18:39:20	87dc1e131a1369fdf8f1c824a6a62dff	\N	\N	\N	\N
183	user183	user183@user.com	\N	2013-03-31 17:38:20	2013-04-30 17:38:20	user	t	\N	87dc1e131a1369fdf8f1c824a6a62dff	\N	\N	\N	\N
184	user184	user184@user.com	\N	2013-03-30 16:37:20	2013-04-29 16:37:20	user	t	2013-05-14 16:37:20	87dc1e131a1369fdf8f1c824a6a62dff	\N	\N	\N	\N
185	user185	user185@user.com	\N	2013-03-29 15:36:20	\N	user	t	2013-05-13 15:36:20	87dc1e131a1369fdf8f1c824a6a62dff	\N	\N	\N	\N
186	user186	user186@user.com	\N	2013-03-28 14:35:20	2013-04-27 14:35:20	user	t	\N	87dc1e131a1369fdf8f1c824a6a62dff	\N	\N	\N	\N
187	user187	user187@user.com	\N	2013-03-27 13:34:20	2013-04-26 13:34:20	user	t	2013-05-11 13:34:20	87dc1e131a1369fdf8f1c824a6a62dff	\N	\N	\N	\N
188	user188	user188@user.com	\N	2013-03-26 12:33:20	2013-04-25 12:33:20	user	t	2013-05-10 12:33:20	87dc1e131a1369fdf8f1c824a6a62dff	\N	\N	\N	\N
189	user189	user189@user.com	\N	2013-03-25 11:32:20	2013-04-24 11:32:20	user	t	\N	87dc1e131a1369fdf8f1c824a6a62dff	\N	\N	\N	\N
190	user190	user190@user.com	\N	2013-03-24 10:31:20	\N	user	t	2013-05-08 10:31:20	87dc1e131a1369fdf8f1c824a6a62dff	\N	\N	\N	\N
191	user191	user191@user.com	\N	2013-03-23 09:30:20	2013-04-22 09:30:20	user	t	2013-05-07 09:30:20	87dc1e131a1369fdf8f1c824a6a62dff	\N	\N	\N	\N
192	user192	user192@user.com	\N	2013-03-22 08:29:20	2013-04-21 08:29:20	user	t	\N	87dc1e131a1369fdf8f1c824a6a62dff	\N	\N	\N	\N
193	user193	user193@user.com	\N	2013-03-21 07:28:20	2013-04-20 07:28:20	user	t	2013-05-05 07:28:20	87dc1e131a1369fdf8f1c824a6a62dff	\N	\N	\N	\N
194	user194	user194@user.com	\N	2013-03-20 06:27:20	2013-04-19 06:27:20	user	t	2013-05-04 06:27:20	87dc1e131a1369fdf8f1c824a6a62dff	\N	\N	\N	\N
195	user195	user195@user.com	\N	2013-03-19 05:26:20	\N	user	t	\N	87dc1e131a1369fdf8f1c824a6a62dff	\N	\N	\N	\N
196	user196	user196@user.com	\N	2013-03-18 04:25:20	2013-04-17 04:25:20	user	t	2013-05-02 04:25:20	87dc1e131a1369fdf8f1c824a6a62dff	\N	\N	\N	\N
197	user197	user197@user.com	\N	2013-03-17 03:24:20	2013-04-16 03:24:20	user	t	2013-05-01 03:24:20	87dc1e131a1369fdf8f1c824a6a62dff	\N	\N	\N	\N
198	user198	user198@user.com	\N	2013-03-16 02:23:20	2013-04-15 02:23:20	user	t	\N	87dc1e131a1369fdf8f1c824a6a62dff	\N	\N	\N	\N
199	user199	user199@user.com	\N	2013-03-15 01:22:20	2013-04-14 01:22:20	user	t	2013-04-29 01:22:20	87dc1e131a1369fdf8f1c824a6a62dff	\N	\N	\N	\N
200	user200	user200@user.com	\N	2013-03-14 00:21:20	\N	user	t	2013-04-28 00:21:20	87dc1e131a1369fdf8f1c824a6a62dff	\N	\N	\N	\N
201	user201	user201@user.com	\N	2013-03-12 23:20:20	2013-04-11 23:20:20	user	t	\N	87dc1e131a1369fdf8f1c824a6a62dff	\N	\N	\N	\N
202	user202	user202@user.com	\N	2013-03-11 22:19:20	2013-04-10 22:19:20	user	t	2013-04-25 22:19:20	87dc1e131a1369fdf8f1c824a6a62dff	\N	\N	\N	\N
203	user203	user203@user.com	\N	2013-03-10 21:18:20	2013-04-09 21:18:20	user	t	2013-04-24 21:18:20	87dc1e131a1369fdf8f1c824a6a62dff	\N	\N	\N	\N
204	user204	user204@user.com	\N	2013-03-09 20:17:20	2013-04-08 20:17:20	user	t	\N	87dc1e131a1369fdf8f1c824a6a62dff	\N	\N	\N	\N
205	user205	user205@user.com	\N	2013-03-08 19:16:20	\N	user	t	2013-04-22 19:16:20	87dc1e131a1369fdf8f1c824a6a62dff	\N	\N	\N	\N
206	user206	user206@user.com	\N	2013-03-07 18:15:20	2013-04-06 18:15:20	user	t	2013-04-21 18:15:20	87dc1e131a1369fdf8f1c824a6a62dff	\N	\N	\N	\N
207	user207	user207@user.com	\N	2013-03-06 17:14:20	2013-04-05 17:14:20	user	t	\N	87dc1e131a1369fdf8f1c824a6a62dff	\N	\N	\N	\N
208	user208	user208@user.com	\N	2013-03-05 16:13:20	2013-04-04 16:13:20	user	t	2013-04-19 16:13:20	87dc1e131a1369fdf8f1c824a6a62dff	\N	\N	\N	\N
209	user209	user209@user.com	\N	2013-03-04 15:12:20	2013-04-03 15:12:20	user	t	2013-04-18 15:12:20	87dc1e131a1369fdf8f1c824a6a62dff	\N	\N	\N	\N
210	user210	user210@user.com	\N	2013-03-03 14:11:20	\N	user	t	\N	87dc1e131a1369fdf8f1c824a6a62dff	\N	\N	\N	\N
211	user211	user211@user.com	\N	2013-03-02 13:10:20	2013-04-01 13:10:20	user	t	2013-04-16 13:10:20	87dc1e131a1369fdf8f1c824a6a62dff	\N	\N	\N	\N
212	user212	user212@user.com	\N	2013-03-01 12:09:20	2013-03-31 12:09:20	user	t	2013-04-15 12:09:20	87dc1e131a1369fdf8f1c824a6a62dff	\N	\N	\N	\N
213	user213	user213@user.com	\N	2013-02-28 11:08:20	2013-03-30 11:08:20	user	t	\N	87dc1e131a1369fdf8f1c824a6a62dff	\N	\N	\N	\N
214	user214	user214@user.com	\N	2013-02-27 10:07:20	2013-03-29 10:07:20	user	t	2013-04-13 10:07:20	87dc1e131a1369fdf8f1c824a6a62dff	\N	\N	\N	\N
215	user215	user215@user.com	\N	2013-02-26 09:06:20	\N	user	t	2013-04-12 09:06:20	87dc1e131a1369fdf8f1c824a6a62dff	\N	\N	\N	\N
216	user216	user216@user.com	\N	2013-02-25 08:05:20	2013-03-27 08:05:20	user	t	\N	87dc1e131a1369fdf8f1c824a6a62dff	\N	\N	\N	\N
217	user217	user217@user.com	\N	2013-02-24 07:04:20	2013-03-26 07:04:20	user	t	2013-04-10 07:04:20	87dc1e131a1369fdf8f1c824a6a62dff	\N	\N	\N	\N
218	user218	user218@user.com	\N	2013-02-23 06:03:20	2013-03-25 06:03:20	user	t	2013-04-09 06:03:20	87dc1e131a1369fdf8f1c824a6a62dff	\N	\N	\N	\N
219	user219	user219@user.com	\N	2013-02-22 05:02:20	2013-03-24 05:02:20	user	t	\N	87dc1e131a1369fdf8f1c824a6a62dff	\N	\N	\N	\N
220	user220	user220@user.com	\N	2013-02-21 04:01:20	\N	user	t	2013-04-07 04:01:20	87dc1e131a1369fdf8f1c824a6a62dff	\N	\N	\N	\N
221	user221	user221@user.com	\N	2013-02-20 03:00:20	2013-03-22 03:00:20	user	t	2013-04-06 03:00:20	87dc1e131a1369fdf8f1c824a6a62dff	\N	\N	\N	\N
222	user222	user222@user.com	\N	2013-02-19 01:59:20	2013-03-21 01:59:20	user	t	\N	87dc1e131a1369fdf8f1c824a6a62dff	\N	\N	\N	\N
223	user223	user223@user.com	\N	2013-02-18 00:58:20	2013-03-20 00:58:20	user	t	2013-04-04 00:58:20	87dc1e131a1369fdf8f1c824a6a62dff	\N	\N	\N	\N
224	user224	user224@user.com	\N	2013-02-16 23:57:20	2013-03-18 23:57:20	user	t	2013-04-02 23:57:20	87dc1e131a1369fdf8f1c824a6a62dff	\N	\N	\N	\N
225	user225	user225@user.com	\N	2013-02-15 22:56:20	\N	user	t	\N	87dc1e131a1369fdf8f1c824a6a62dff	\N	\N	\N	\N
226	user226	user226@user.com	\N	2013-02-14 21:55:20	2013-03-16 21:55:20	user	t	2013-03-31 21:55:20	87dc1e131a1369fdf8f1c824a6a62dff	\N	\N	\N	\N
227	user227	user227@user.com	\N	2013-02-13 20:54:20	2013-03-15 20:54:20	user	t	2013-03-30 20:54:20	87dc1e131a1369fdf8f1c824a6a62dff	\N	\N	\N	\N
228	user228	user228@user.com	\N	2013-02-12 19:53:20	2013-03-14 19:53:20	user	t	\N	87dc1e131a1369fdf8f1c824a6a62dff	\N	\N	\N	\N
229	user229	user229@user.com	\N	2013-02-11 18:52:20	2013-03-13 18:52:20	user	t	2013-03-28 18:52:20	87dc1e131a1369fdf8f1c824a6a62dff	\N	\N	\N	\N
230	user230	user230@user.com	\N	2013-02-10 17:51:20	\N	user	t	2013-03-27 17:51:20	87dc1e131a1369fdf8f1c824a6a62dff	\N	\N	\N	\N
231	user231	user231@user.com	\N	2013-02-09 16:50:20	2013-03-11 16:50:20	user	t	\N	87dc1e131a1369fdf8f1c824a6a62dff	\N	\N	\N	\N
232	user232	user232@user.com	\N	2013-02-08 15:49:20	2013-03-10 15:49:20	user	t	2013-03-25 15:49:20	87dc1e131a1369fdf8f1c824a6a62dff	\N	\N	\N	\N
233	user233	user233@user.com	\N	2013-02-07 14:48:20	2013-03-09 14:48:20	user	t	2013-03-24 14:48:20	87dc1e131a1369fdf8f1c824a6a62dff	\N	\N	\N	\N
234	user234	user234@user.com	\N	2013-02-06 13:47:20	2013-03-08 13:47:20	user	t	\N	87dc1e131a1369fdf8f1c824a6a62dff	\N	\N	\N	\N
235	user235	user235@user.com	\N	2013-02-05 12:46:20	\N	user	t	2013-03-22 12:46:20	87dc1e131a1369fdf8f1c824a6a62dff	\N	\N	\N	\N
236	user236	user236@user.com	\N	2013-02-04 11:45:20	2013-03-06 11:45:20	user	t	2013-03-21 11:45:20	87dc1e131a1369fdf8f1c824a6a62dff	\N	\N	\N	\N
237	user237	user237@user.com	\N	2013-02-03 10:44:20	2013-03-05 10:44:20	user	t	\N	87dc1e131a1369fdf8f1c824a6a62dff	\N	\N	\N	\N
238	user238	user238@user.com	\N	2013-02-02 09:43:20	2013-03-04 09:43:20	user	t	2013-03-19 09:43:20	87dc1e131a1369fdf8f1c824a6a62dff	\N	\N	\N	\N
239	user239	user239@user.com	\N	2013-02-01 08:42:20	2013-03-03 08:42:20	user	t	2013-03-18 08:42:20	87dc1e131a1369fdf8f1c824a6a62dff	\N	\N	\N	\N
240	user240	user240@user.com	\N	2013-01-31 07:41:20	\N	user	t	\N	87dc1e131a1369fdf8f1c824a6a62dff	\N	\N	\N	\N
241	user241	user241@user.com	\N	2013-01-30 06:40:20	2013-03-01 06:40:20	user	t	2013-03-16 06:40:20	87dc1e131a1369fdf8f1c824a6a62dff	\N	\N	\N	\N
242	user242	user242@user.com	\N	2013-01-29 05:39:20	2013-02-28 05:39:20	user	t	2013-03-15 05:39:20	87dc1e131a1369fdf8f1c824a6a62dff	\N	\N	\N	\N
243	user243	user243@user.com	\N	2013-01-28 04:38:20	2013-02-27 04:38:20	user	t	\N	87dc1e131a1369fdf8f1c824a6a62dff	\N	\N	\N	\N
244	user244	user244@user.com	\N	2013-01-27 03:37:20	2013-02-26 03:37:20	user	t	2013-03-13 03:37:20	87dc1e131a1369fdf8f1c824a6a62dff	\N	\N	\N	\N
245	user245	user245@user.com	\N	2013-01-26 02:36:20	\N	user	t	2013-03-12 02:36:20	87dc1e131a1369fdf8f1c824a6a62dff	\N	\N	\N	\N
246	user246	user246@user.com	\N	2013-01-25 01:35:20	2013-02-24 01:35:20	user	t	\N	87dc1e131a1369fdf8f1c824a6a62dff	\N	\N	\N	\N
247	user247	user247@user.com	\N	2013-01-24 00:34:20	2013-02-23 00:34:20	user	t	2013-03-10 00:34:20	87dc1e131a1369fdf8f1c824a6a62dff	\N	\N	\N	\N
248	user248	user248@user.com	\N	2013-01-22 23:33:20	2013-02-21 23:33:20	user	t	2013-03-08 23:33:20	87dc1e131a1369fdf8f1c824a6a62dff	\N	\N	\N	\N
249	user249	user249@user.com	\N	2013-01-21 22:32:20	2013-02-20 22:32:20	user	t	\N	87dc1e131a1369fdf8f1c824a6a62dff	\N	\N	\N	\N
250	user250	user250@user.com	\N	2013-01-20 21:31:20	\N	user	t	2013-03-06 21:31:20	87dc1e131a1369fdf8f1c824a6a62dff	\N	\N	\N	\N
251	user251	user251@user.com	\N	2013-01-19 20:30:20	2013-02-18 20:30:20	user	t	2013-03-05 20:30:20	87dc1e131a1369fdf8f1c824a6a62dff	\N	\N	\N	\N
252	user252	user252@user.com	\N	2013-01-18 19:29:20	2013-02-17 19:29:20	user	t	\N	87dc1e131a1369fdf8f1c824a6a62dff	\N	\N	\N	\N
253	user253	user253@user.com	\N	2013-01-17 18:28:20	2013-02-16 18:28:20	user	t	2013-03-03 18:28:20	87dc1e131a1369fdf8f1c824a6a62dff	\N	\N	\N	\N
254	user254	user254@user.com	\N	2013-01-16 17:27:20	2013-02-15 17:27:20	user	t	2013-03-02 17:27:20	87dc1e131a1369fdf8f1c824a6a62dff	\N	\N	\N	\N
255	user255	user255@user.com	\N	2013-01-15 16:26:20	\N	user	t	\N	87dc1e131a1369fdf8f1c824a6a62dff	\N	\N	\N	\N
256	user256	user256@user.com	\N	2013-01-14 15:25:20	2013-02-13 15:25:20	user	t	2013-02-28 15:25:20	87dc1e131a1369fdf8f1c824a6a62dff	\N	\N	\N	\N
257	user257	user257@user.com	\N	2013-01-13 14:24:20	2013-02-12 14:24:20	user	t	2013-02-27 14:24:20	87dc1e131a1369fdf8f1c824a6a62dff	\N	\N	\N	\N
258	user258	user258@user.com	\N	2013-01-12 13:23:20	2013-02-11 13:23:20	user	t	\N	87dc1e131a1369fdf8f1c824a6a62dff	\N	\N	\N	\N
259	user259	user259@user.com	\N	2013-01-11 12:22:20	2013-02-10 12:22:20	user	t	2013-02-25 12:22:20	87dc1e131a1369fdf8f1c824a6a62dff	\N	\N	\N	\N
260	user260	user260@user.com	\N	2013-01-10 11:21:20	\N	user	t	2013-02-24 11:21:20	87dc1e131a1369fdf8f1c824a6a62dff	\N	\N	\N	\N
261	user261	user261@user.com	\N	2013-01-09 10:20:20	2013-02-08 10:20:20	user	t	\N	87dc1e131a1369fdf8f1c824a6a62dff	\N	\N	\N	\N
262	user262	user262@user.com	\N	2013-01-08 09:19:20	2013-02-07 09:19:20	user	t	2013-02-22 09:19:20	87dc1e131a1369fdf8f1c824a6a62dff	\N	\N	\N	\N
263	user263	user263@user.com	\N	2013-01-07 08:18:20	2013-02-06 08:18:20	user	t	2013-02-21 08:18:20	87dc1e131a1369fdf8f1c824a6a62dff	\N	\N	\N	\N
264	user264	user264@user.com	\N	2013-01-06 07:17:20	2013-02-05 07:17:20	user	t	\N	87dc1e131a1369fdf8f1c824a6a62dff	\N	\N	\N	\N
265	user265	user265@user.com	\N	2013-01-05 06:16:20	\N	user	t	2013-02-19 06:16:20	87dc1e131a1369fdf8f1c824a6a62dff	\N	\N	\N	\N
266	user266	user266@user.com	\N	2013-01-04 05:15:20	2013-02-03 05:15:20	user	t	2013-02-18 05:15:20	87dc1e131a1369fdf8f1c824a6a62dff	\N	\N	\N	\N
267	user267	user267@user.com	\N	2013-01-03 04:14:20	2013-02-02 04:14:20	user	t	\N	87dc1e131a1369fdf8f1c824a6a62dff	\N	\N	\N	\N
268	user268	user268@user.com	\N	2013-01-02 03:13:20	2013-02-01 03:13:20	user	t	2013-02-16 03:13:20	87dc1e131a1369fdf8f1c824a6a62dff	\N	\N	\N	\N
269	user269	user269@user.com	\N	2013-01-01 02:12:20	2013-01-31 02:12:20	user	t	2013-02-15 02:12:20	87dc1e131a1369fdf8f1c824a6a62dff	\N	\N	\N	\N
270	user270	user270@user.com	\N	2012-12-31 01:11:20	\N	user	t	\N	87dc1e131a1369fdf8f1c824a6a62dff	\N	\N	\N	\N
271	user271	user271@user.com	\N	2012-12-30 00:10:20	2013-01-29 00:10:20	user	t	2013-02-13 00:10:20	87dc1e131a1369fdf8f1c824a6a62dff	\N	\N	\N	\N
272	user272	user272@user.com	\N	2012-12-28 23:09:20	2013-01-27 23:09:20	user	t	2013-02-11 23:09:20	87dc1e131a1369fdf8f1c824a6a62dff	\N	\N	\N	\N
273	user273	user273@user.com	\N	2012-12-27 22:08:20	2013-01-26 22:08:20	user	t	\N	87dc1e131a1369fdf8f1c824a6a62dff	\N	\N	\N	\N
274	user274	user274@user.com	\N	2012-12-26 21:07:20	2013-01-25 21:07:20	user	t	2013-02-09 21:07:20	87dc1e131a1369fdf8f1c824a6a62dff	\N	\N	\N	\N
275	user275	user275@user.com	\N	2012-12-25 20:06:20	\N	user	t	2013-02-08 20:06:20	87dc1e131a1369fdf8f1c824a6a62dff	\N	\N	\N	\N
276	user276	user276@user.com	\N	2012-12-24 19:05:20	2013-01-23 19:05:20	user	t	\N	87dc1e131a1369fdf8f1c824a6a62dff	\N	\N	\N	\N
277	user277	user277@user.com	\N	2012-12-23 18:04:20	2013-01-22 18:04:20	user	t	2013-02-06 18:04:20	87dc1e131a1369fdf8f1c824a6a62dff	\N	\N	\N	\N
278	user278	user278@user.com	\N	2012-12-22 17:03:20	2013-01-21 17:03:20	user	t	2013-02-05 17:03:20	87dc1e131a1369fdf8f1c824a6a62dff	\N	\N	\N	\N
279	user279	user279@user.com	\N	2012-12-21 16:02:20	2013-01-20 16:02:20	user	t	\N	87dc1e131a1369fdf8f1c824a6a62dff	\N	\N	\N	\N
280	user280	user280@user.com	\N	2012-12-20 15:01:20	\N	user	t	2013-02-03 15:01:20	87dc1e131a1369fdf8f1c824a6a62dff	\N	\N	\N	\N
281	user281	user281@user.com	\N	2012-12-19 14:00:20	2013-01-18 14:00:20	user	t	2013-02-02 14:00:20	87dc1e131a1369fdf8f1c824a6a62dff	\N	\N	\N	\N
282	user282	user282@user.com	\N	2012-12-18 12:59:20	2013-01-17 12:59:20	user	t	\N	87dc1e131a1369fdf8f1c824a6a62dff	\N	\N	\N	\N
283	user283	user283@user.com	\N	2012-12-17 11:58:20	2013-01-16 11:58:20	user	t	2013-01-31 11:58:20	87dc1e131a1369fdf8f1c824a6a62dff	\N	\N	\N	\N
284	user284	user284@user.com	\N	2012-12-16 10:57:20	2013-01-15 10:57:20	user	t	2013-01-30 10:57:20	87dc1e131a1369fdf8f1c824a6a62dff	\N	\N	\N	\N
285	user285	user285@user.com	\N	2012-12-15 09:56:20	\N	user	t	\N	87dc1e131a1369fdf8f1c824a6a62dff	\N	\N	\N	\N
286	user286	user286@user.com	\N	2012-12-14 08:55:20	2013-01-13 08:55:20	user	t	2013-01-28 08:55:20	87dc1e131a1369fdf8f1c824a6a62dff	\N	\N	\N	\N
287	user287	user287@user.com	\N	2012-12-13 07:54:20	2013-01-12 07:54:20	user	t	2013-01-27 07:54:20	87dc1e131a1369fdf8f1c824a6a62dff	\N	\N	\N	\N
288	user288	user288@user.com	\N	2012-12-12 06:53:20	2013-01-11 06:53:20	user	t	\N	87dc1e131a1369fdf8f1c824a6a62dff	\N	\N	\N	\N
289	user289	user289@user.com	\N	2012-12-11 05:52:20	2013-01-10 05:52:20	user	t	2013-01-25 05:52:20	87dc1e131a1369fdf8f1c824a6a62dff	\N	\N	\N	\N
290	user290	user290@user.com	\N	2012-12-10 04:51:20	\N	user	t	2013-01-24 04:51:20	87dc1e131a1369fdf8f1c824a6a62dff	\N	\N	\N	\N
291	user291	user291@user.com	\N	2012-12-09 03:50:20	2013-01-08 03:50:20	user	t	\N	87dc1e131a1369fdf8f1c824a6a62dff	\N	\N	\N	\N
292	user292	user292@user.com	\N	2012-12-08 02:49:20	2013-01-07 02:49:20	user	t	2013-01-22 02:49:20	87dc1e131a1369fdf8f1c824a6a62dff	\N	\N	\N	\N
293	user293	user293@user.com	\N	2012-12-07 01:48:20	2013-01-06 01:48:20	user	t	2013-01-21 01:48:20	87dc1e131a1369fdf8f1c824a6a62dff	\N	\N	\N	\N
294	user294	user294@user.com	\N	2012-12-06 00:47:20	2013-01-05 00:47:20	user	t	\N	87dc1e131a1369fdf8f1c824a6a62dff	\N	\N	\N	\N
295	user295	user295@user.com	\N	2012-12-04 23:46:20	\N	user	t	2013-01-18 23:46:20	87dc1e131a1369fdf8f1c824a6a62dff	\N	\N	\N	\N
296	user296	user296@user.com	\N	2012-12-03 22:45:20	2013-01-02 22:45:20	user	t	2013-01-17 22:45:20	87dc1e131a1369fdf8f1c824a6a62dff	\N	\N	\N	\N
297	user297	user297@user.com	\N	2012-12-02 21:44:20	2013-01-01 21:44:20	user	t	\N	87dc1e131a1369fdf8f1c824a6a62dff	\N	\N	\N	\N
298	user298	user298@user.com	\N	2012-12-01 20:43:20	2012-12-31 20:43:20	user	t	2013-01-15 20:43:20	87dc1e131a1369fdf8f1c824a6a62dff	\N	\N	\N	\N
299	user299	user299@user.com	\N	2012-11-30 19:42:20	2012-12-30 19:42:20	user	t	2013-01-14 19:42:20	87dc1e131a1369fdf8f1c824a6a62dff	\N	\N	\N	\N
300	user300	user300@user.com	\N	2012-11-29 18:41:20	\N	user	t	\N	87dc1e131a1369fdf8f1c824a6a62dff	\N	\N	\N	\N
301	user301	user301@user.com	\N	2012-11-28 17:40:20	2012-12-28 17:40:20	user	t	2013-01-12 17:40:20	87dc1e131a1369fdf8f1c824a6a62dff	\N	\N	\N	\N
302	user302	user302@user.com	\N	2012-11-27 16:39:20	2012-12-27 16:39:20	user	t	2013-01-11 16:39:20	87dc1e131a1369fdf8f1c824a6a62dff	\N	\N	\N	\N
303	user303	user303@user.com	\N	2012-11-26 15:38:20	2012-12-26 15:38:20	user	t	\N	87dc1e131a1369fdf8f1c824a6a62dff	\N	\N	\N	\N
304	user304	user304@user.com	\N	2012-11-25 14:37:20	2012-12-25 14:37:20	user	t	2013-01-09 14:37:20	87dc1e131a1369fdf8f1c824a6a62dff	\N	\N	\N	\N
305	user305	user305@user.com	\N	2012-11-24 13:36:20	\N	user	t	2013-01-08 13:36:20	87dc1e131a1369fdf8f1c824a6a62dff	\N	\N	\N	\N
306	user306	user306@user.com	\N	2012-11-23 12:35:20	2012-12-23 12:35:20	user	t	\N	87dc1e131a1369fdf8f1c824a6a62dff	\N	\N	\N	\N
307	user307	user307@user.com	\N	2012-11-22 11:34:20	2012-12-22 11:34:20	user	t	2013-01-06 11:34:20	87dc1e131a1369fdf8f1c824a6a62dff	\N	\N	\N	\N
308	user308	user308@user.com	\N	2012-11-21 10:33:20	2012-12-21 10:33:20	user	t	2013-01-05 10:33:20	87dc1e131a1369fdf8f1c824a6a62dff	\N	\N	\N	\N
309	user309	user309@user.com	\N	2012-11-20 09:32:20	2012-12-20 09:32:20	user	t	\N	87dc1e131a1369fdf8f1c824a6a62dff	\N	\N	\N	\N
310	user310	user310@user.com	\N	2012-11-19 08:31:20	\N	user	t	2013-01-03 08:31:20	87dc1e131a1369fdf8f1c824a6a62dff	\N	\N	\N	\N
311	user311	user311@user.com	\N	2012-11-18 07:30:20	2012-12-18 07:30:20	user	t	2013-01-02 07:30:20	87dc1e131a1369fdf8f1c824a6a62dff	\N	\N	\N	\N
312	user312	user312@user.com	\N	2012-11-17 06:29:20	2012-12-17 06:29:20	user	t	\N	87dc1e131a1369fdf8f1c824a6a62dff	\N	\N	\N	\N
313	user313	user313@user.com	\N	2012-11-16 05:28:20	2012-12-16 05:28:20	user	t	2012-12-31 05:28:20	87dc1e131a1369fdf8f1c824a6a62dff	\N	\N	\N	\N
314	user314	user314@user.com	\N	2012-11-15 04:27:20	2012-12-15 04:27:20	user	t	2012-12-30 04:27:20	87dc1e131a1369fdf8f1c824a6a62dff	\N	\N	\N	\N
315	user315	user315@user.com	\N	2012-11-14 03:26:20	\N	user	t	\N	87dc1e131a1369fdf8f1c824a6a62dff	\N	\N	\N	\N
316	user316	user316@user.com	\N	2012-11-13 02:25:20	2012-12-13 02:25:20	user	t	2012-12-28 02:25:20	87dc1e131a1369fdf8f1c824a6a62dff	\N	\N	\N	\N
317	user317	user317@user.com	\N	2012-11-12 01:24:20	2012-12-12 01:24:20	user	t	2012-12-27 01:24:20	87dc1e131a1369fdf8f1c824a6a62dff	\N	\N	\N	\N
318	user318	user318@user.com	\N	2012-11-11 00:23:20	2012-12-11 00:23:20	user	t	\N	87dc1e131a1369fdf8f1c824a6a62dff	\N	\N	\N	\N
319	user319	user319@user.com	\N	2012-11-09 23:22:20	2012-12-09 23:22:20	user	t	2012-12-24 23:22:20	87dc1e131a1369fdf8f1c824a6a62dff	\N	\N	\N	\N
320	user320	user320@user.com	\N	2012-11-08 22:21:20	\N	user	t	2012-12-23 22:21:20	87dc1e131a1369fdf8f1c824a6a62dff	\N	\N	\N	\N
321	user321	user321@user.com	\N	2012-11-07 21:20:20	2012-12-07 21:20:20	user	t	\N	87dc1e131a1369fdf8f1c824a6a62dff	\N	\N	\N	\N
322	user322	user322@user.com	\N	2012-11-06 20:19:20	2012-12-06 20:19:20	user	t	2012-12-21 20:19:20	87dc1e131a1369fdf8f1c824a6a62dff	\N	\N	\N	\N
323	user323	user323@user.com	\N	2012-11-05 19:18:20	2012-12-05 19:18:20	user	t	2012-12-20 19:18:20	87dc1e131a1369fdf8f1c824a6a62dff	\N	\N	\N	\N
324	user324	user324@user.com	\N	2012-11-04 18:17:20	2012-12-04 18:17:20	user	t	\N	87dc1e131a1369fdf8f1c824a6a62dff	\N	\N	\N	\N
325	user325	user325@user.com	\N	2012-11-03 17:16:20	\N	user	t	2012-12-18 17:16:20	87dc1e131a1369fdf8f1c824a6a62dff	\N	\N	\N	\N
326	user326	user326@user.com	\N	2012-11-02 16:15:20	2012-12-02 16:15:20	user	t	2012-12-17 16:15:20	87dc1e131a1369fdf8f1c824a6a62dff	\N	\N	\N	\N
327	user327	user327@user.com	\N	2012-11-01 15:14:20	2012-12-01 15:14:20	user	t	\N	87dc1e131a1369fdf8f1c824a6a62dff	\N	\N	\N	\N
328	user328	user328@user.com	\N	2012-10-31 14:13:20	2012-11-30 14:13:20	user	t	2012-12-15 14:13:20	87dc1e131a1369fdf8f1c824a6a62dff	\N	\N	\N	\N
329	user329	user329@user.com	\N	2012-10-30 13:12:20	2012-11-29 13:12:20	user	t	2012-12-14 13:12:20	87dc1e131a1369fdf8f1c824a6a62dff	\N	\N	\N	\N
330	user330	user330@user.com	\N	2012-10-29 12:11:20	\N	user	t	\N	87dc1e131a1369fdf8f1c824a6a62dff	\N	\N	\N	\N
331	user331	user331@user.com	\N	2012-10-28 11:10:20	2012-11-27 11:10:20	user	t	2012-12-12 11:10:20	87dc1e131a1369fdf8f1c824a6a62dff	\N	\N	\N	\N
332	user332	user332@user.com	\N	2012-10-27 10:09:20	2012-11-26 10:09:20	user	t	2012-12-11 10:09:20	87dc1e131a1369fdf8f1c824a6a62dff	\N	\N	\N	\N
333	user333	user333@user.com	\N	2012-10-26 09:08:20	2012-11-25 09:08:20	user	t	\N	87dc1e131a1369fdf8f1c824a6a62dff	\N	\N	\N	\N
334	user334	user334@user.com	\N	2012-10-25 08:07:20	2012-11-24 08:07:20	user	t	2012-12-09 08:07:20	87dc1e131a1369fdf8f1c824a6a62dff	\N	\N	\N	\N
335	user335	user335@user.com	\N	2012-10-24 07:06:20	\N	user	t	2012-12-08 07:06:20	87dc1e131a1369fdf8f1c824a6a62dff	\N	\N	\N	\N
336	user336	user336@user.com	\N	2012-10-23 06:05:20	2012-11-22 06:05:20	user	t	\N	87dc1e131a1369fdf8f1c824a6a62dff	\N	\N	\N	\N
337	user337	user337@user.com	\N	2012-10-22 05:04:20	2012-11-21 05:04:20	user	t	2012-12-06 05:04:20	87dc1e131a1369fdf8f1c824a6a62dff	\N	\N	\N	\N
338	user338	user338@user.com	\N	2012-10-21 04:03:20	2012-11-20 04:03:20	user	t	2012-12-05 04:03:20	87dc1e131a1369fdf8f1c824a6a62dff	\N	\N	\N	\N
339	user339	user339@user.com	\N	2012-10-20 03:02:20	2012-11-19 03:02:20	user	t	\N	87dc1e131a1369fdf8f1c824a6a62dff	\N	\N	\N	\N
340	user340	user340@user.com	\N	2012-10-19 02:01:20	\N	user	t	2012-12-03 02:01:20	87dc1e131a1369fdf8f1c824a6a62dff	\N	\N	\N	\N
341	user341	user341@user.com	\N	2012-10-18 01:00:20	2012-11-17 01:00:20	user	t	2012-12-02 01:00:20	87dc1e131a1369fdf8f1c824a6a62dff	\N	\N	\N	\N
342	user342	user342@user.com	\N	2012-10-16 23:59:20	2012-11-15 23:59:20	user	t	\N	87dc1e131a1369fdf8f1c824a6a62dff	\N	\N	\N	\N
343	user343	user343@user.com	\N	2012-10-15 22:58:20	2012-11-14 22:58:20	user	t	2012-11-29 22:58:20	87dc1e131a1369fdf8f1c824a6a62dff	\N	\N	\N	\N
344	user344	user344@user.com	\N	2012-10-14 21:57:20	2012-11-13 21:57:20	user	t	2012-11-28 21:57:20	87dc1e131a1369fdf8f1c824a6a62dff	\N	\N	\N	\N
345	user345	user345@user.com	\N	2012-10-13 20:56:20	\N	user	t	\N	87dc1e131a1369fdf8f1c824a6a62dff	\N	\N	\N	\N
346	user346	user346@user.com	\N	2012-10-12 19:55:20	2012-11-11 19:55:20	user	t	2012-11-26 19:55:20	87dc1e131a1369fdf8f1c824a6a62dff	\N	\N	\N	\N
347	user347	user347@user.com	\N	2012-10-11 18:54:20	2012-11-10 18:54:20	user	t	2012-11-25 18:54:20	87dc1e131a1369fdf8f1c824a6a62dff	\N	\N	\N	\N
348	user348	user348@user.com	\N	2012-10-10 17:53:20	2012-11-09 17:53:20	user	t	\N	87dc1e131a1369fdf8f1c824a6a62dff	\N	\N	\N	\N
349	user349	user349@user.com	\N	2012-10-09 16:52:20	2012-11-08 16:52:20	user	t	2012-11-23 16:52:20	87dc1e131a1369fdf8f1c824a6a62dff	\N	\N	\N	\N
350	user350	user350@user.com	\N	2012-10-08 15:51:20	\N	user	t	2012-11-22 15:51:20	87dc1e131a1369fdf8f1c824a6a62dff	\N	\N	\N	\N
351	user351	user351@user.com	\N	2012-10-07 14:50:20	2012-11-06 14:50:20	user	t	\N	87dc1e131a1369fdf8f1c824a6a62dff	\N	\N	\N	\N
352	user352	user352@user.com	\N	2012-10-06 13:49:20	2012-11-05 13:49:20	user	t	2012-11-20 13:49:20	87dc1e131a1369fdf8f1c824a6a62dff	\N	\N	\N	\N
353	user353	user353@user.com	\N	2012-10-05 12:48:20	2012-11-04 12:48:20	user	t	2012-11-19 12:48:20	87dc1e131a1369fdf8f1c824a6a62dff	\N	\N	\N	\N
354	user354	user354@user.com	\N	2012-10-04 11:47:20	2012-11-03 11:47:20	user	t	\N	87dc1e131a1369fdf8f1c824a6a62dff	\N	\N	\N	\N
355	user355	user355@user.com	\N	2012-10-03 10:46:20	\N	user	t	2012-11-17 10:46:20	87dc1e131a1369fdf8f1c824a6a62dff	\N	\N	\N	\N
356	user356	user356@user.com	\N	2012-10-02 09:45:20	2012-11-01 09:45:20	user	t	2012-11-16 09:45:20	87dc1e131a1369fdf8f1c824a6a62dff	\N	\N	\N	\N
357	user357	user357@user.com	\N	2012-10-01 08:44:20	2012-10-31 08:44:20	user	t	\N	87dc1e131a1369fdf8f1c824a6a62dff	\N	\N	\N	\N
358	user358	user358@user.com	\N	2012-09-30 07:43:20	2012-10-30 07:43:20	user	t	2012-11-14 07:43:20	87dc1e131a1369fdf8f1c824a6a62dff	\N	\N	\N	\N
359	user359	user359@user.com	\N	2012-09-29 06:42:20	2012-10-29 06:42:20	user	t	2012-11-13 06:42:20	87dc1e131a1369fdf8f1c824a6a62dff	\N	\N	\N	\N
360	user360	user360@user.com	\N	2012-09-28 05:41:20	\N	user	t	\N	87dc1e131a1369fdf8f1c824a6a62dff	\N	\N	\N	\N
361	user361	user361@user.com	\N	2012-09-27 04:40:20	2012-10-27 04:40:20	user	t	2012-11-11 04:40:20	87dc1e131a1369fdf8f1c824a6a62dff	\N	\N	\N	\N
362	user362	user362@user.com	\N	2012-09-26 03:39:20	2012-10-26 03:39:20	user	t	2012-11-10 03:39:20	87dc1e131a1369fdf8f1c824a6a62dff	\N	\N	\N	\N
363	user363	user363@user.com	\N	2012-09-25 02:38:20	2012-10-25 02:38:20	user	t	\N	87dc1e131a1369fdf8f1c824a6a62dff	\N	\N	\N	\N
364	user364	user364@user.com	\N	2012-09-24 01:37:20	2012-10-24 01:37:20	user	t	2012-11-08 01:37:20	87dc1e131a1369fdf8f1c824a6a62dff	\N	\N	\N	\N
365	user365	user365@user.com	\N	2012-09-23 00:36:20	\N	user	t	2012-11-07 00:36:20	87dc1e131a1369fdf8f1c824a6a62dff	\N	\N	\N	\N
366	user366	user366@user.com	\N	2012-09-21 23:35:20	2012-10-21 23:35:20	user	t	\N	87dc1e131a1369fdf8f1c824a6a62dff	\N	\N	\N	\N
367	user367	user367@user.com	\N	2012-09-20 22:34:20	2012-10-20 22:34:20	user	t	2012-11-04 22:34:20	87dc1e131a1369fdf8f1c824a6a62dff	\N	\N	\N	\N
368	user368	user368@user.com	\N	2012-09-19 21:33:20	2012-10-19 21:33:20	user	t	2012-11-03 21:33:20	87dc1e131a1369fdf8f1c824a6a62dff	\N	\N	\N	\N
369	user369	user369@user.com	\N	2012-09-18 20:32:20	2012-10-18 20:32:20	user	t	\N	87dc1e131a1369fdf8f1c824a6a62dff	\N	\N	\N	\N
370	user370	user370@user.com	\N	2012-09-17 19:31:20	\N	user	t	2012-11-01 19:31:20	87dc1e131a1369fdf8f1c824a6a62dff	\N	\N	\N	\N
371	user371	user371@user.com	\N	2012-09-16 18:30:20	2012-10-16 18:30:20	user	t	2012-10-31 18:30:20	87dc1e131a1369fdf8f1c824a6a62dff	\N	\N	\N	\N
372	user372	user372@user.com	\N	2012-09-15 17:29:20	2012-10-15 17:29:20	user	t	\N	87dc1e131a1369fdf8f1c824a6a62dff	\N	\N	\N	\N
373	user373	user373@user.com	\N	2012-09-14 16:28:20	2012-10-14 16:28:20	user	t	2012-10-29 16:28:20	87dc1e131a1369fdf8f1c824a6a62dff	\N	\N	\N	\N
374	user374	user374@user.com	\N	2012-09-13 15:27:20	2012-10-13 15:27:20	user	t	2012-10-28 15:27:20	87dc1e131a1369fdf8f1c824a6a62dff	\N	\N	\N	\N
375	user375	user375@user.com	\N	2012-09-12 14:26:20	\N	user	t	\N	87dc1e131a1369fdf8f1c824a6a62dff	\N	\N	\N	\N
376	user376	user376@user.com	\N	2012-09-11 13:25:20	2012-10-11 13:25:20	user	t	2012-10-26 13:25:20	87dc1e131a1369fdf8f1c824a6a62dff	\N	\N	\N	\N
377	user377	user377@user.com	\N	2012-09-10 12:24:20	2012-10-10 12:24:20	user	t	2012-10-25 12:24:20	87dc1e131a1369fdf8f1c824a6a62dff	\N	\N	\N	\N
378	user378	user378@user.com	\N	2012-09-09 11:23:20	2012-10-09 11:23:20	user	t	\N	87dc1e131a1369fdf8f1c824a6a62dff	\N	\N	\N	\N
379	user379	user379@user.com	\N	2012-09-08 10:22:20	2012-10-08 10:22:20	user	t	2012-10-23 10:22:20	87dc1e131a1369fdf8f1c824a6a62dff	\N	\N	\N	\N
380	user380	user380@user.com	\N	2012-09-07 09:21:20	\N	user	t	2012-10-22 09:21:20	87dc1e131a1369fdf8f1c824a6a62dff	\N	\N	\N	\N
381	user381	user381@user.com	\N	2012-09-06 08:20:20	2012-10-06 08:20:20	user	t	\N	87dc1e131a1369fdf8f1c824a6a62dff	\N	\N	\N	\N
382	user382	user382@user.com	\N	2012-09-05 07:19:20	2012-10-05 07:19:20	user	t	2012-10-20 07:19:20	87dc1e131a1369fdf8f1c824a6a62dff	\N	\N	\N	\N
383	user383	user383@user.com	\N	2012-09-04 06:18:20	2012-10-04 06:18:20	user	t	2012-10-19 06:18:20	87dc1e131a1369fdf8f1c824a6a62dff	\N	\N	\N	\N
384	user384	user384@user.com	\N	2012-09-03 05:17:20	2012-10-03 05:17:20	user	t	\N	87dc1e131a1369fdf8f1c824a6a62dff	\N	\N	\N	\N
385	user385	user385@user.com	\N	2012-09-02 04:16:20	\N	user	t	2012-10-17 04:16:20	87dc1e131a1369fdf8f1c824a6a62dff	\N	\N	\N	\N
386	user386	user386@user.com	\N	2012-09-01 03:15:20	2012-10-01 03:15:20	user	t	2012-10-16 03:15:20	87dc1e131a1369fdf8f1c824a6a62dff	\N	\N	\N	\N
387	user387	user387@user.com	\N	2012-08-31 02:14:20	2012-09-30 02:14:20	user	t	\N	87dc1e131a1369fdf8f1c824a6a62dff	\N	\N	\N	\N
388	user388	user388@user.com	\N	2012-08-30 01:13:20	2012-09-29 01:13:20	user	t	2012-10-14 01:13:20	87dc1e131a1369fdf8f1c824a6a62dff	\N	\N	\N	\N
389	user389	user389@user.com	\N	2012-08-29 00:12:20	2012-09-28 00:12:20	user	t	2012-10-13 00:12:20	87dc1e131a1369fdf8f1c824a6a62dff	\N	\N	\N	\N
390	user390	user390@user.com	\N	2012-08-27 23:11:20	\N	user	t	\N	87dc1e131a1369fdf8f1c824a6a62dff	\N	\N	\N	\N
391	user391	user391@user.com	\N	2012-08-26 22:10:20	2012-09-25 22:10:20	user	t	2012-10-10 22:10:20	87dc1e131a1369fdf8f1c824a6a62dff	\N	\N	\N	\N
392	user392	user392@user.com	\N	2012-08-25 21:09:20	2012-09-24 21:09:20	user	t	2012-10-09 21:09:20	87dc1e131a1369fdf8f1c824a6a62dff	\N	\N	\N	\N
393	user393	user393@user.com	\N	2012-08-24 20:08:20	2012-09-23 20:08:20	user	t	\N	87dc1e131a1369fdf8f1c824a6a62dff	\N	\N	\N	\N
394	user394	user394@user.com	\N	2012-08-23 19:07:20	2012-09-22 19:07:20	user	t	2012-10-07 19:07:20	87dc1e131a1369fdf8f1c824a6a62dff	\N	\N	\N	\N
395	user395	user395@user.com	\N	2012-08-22 18:06:20	\N	user	t	2012-10-06 18:06:20	87dc1e131a1369fdf8f1c824a6a62dff	\N	\N	\N	\N
396	user396	user396@user.com	\N	2012-08-21 17:05:20	2012-09-20 17:05:20	user	t	\N	87dc1e131a1369fdf8f1c824a6a62dff	\N	\N	\N	\N
397	user397	user397@user.com	\N	2012-08-20 16:04:20	2012-09-19 16:04:20	user	t	2012-10-04 16:04:20	87dc1e131a1369fdf8f1c824a6a62dff	\N	\N	\N	\N
398	user398	user398@user.com	\N	2012-08-19 15:03:20	2012-09-18 15:03:20	user	t	2012-10-03 15:03:20	87dc1e131a1369fdf8f1c824a6a62dff	\N	\N	\N	\N
399	user399	user399@user.com	\N	2012-08-18 14:02:20	2012-09-17 14:02:20	user	t	\N	87dc1e131a1369fdf8f1c824a6a62dff	\N	\N	\N	\N
400	user400	user400@user.com	\N	2012-08-17 13:01:20	\N	user	t	2012-10-01 13:01:20	87dc1e131a1369fdf8f1c824a6a62dff	\N	\N	\N	\N
401	user401	user401@user.com	\N	2012-08-16 12:00:20	2012-09-15 12:00:20	user	t	2012-09-30 12:00:20	87dc1e131a1369fdf8f1c824a6a62dff	\N	\N	\N	\N
402	user402	user402@user.com	\N	2012-08-15 10:59:20	2012-09-14 10:59:20	user	t	\N	87dc1e131a1369fdf8f1c824a6a62dff	\N	\N	\N	\N
403	user403	user403@user.com	\N	2012-08-14 09:58:20	2012-09-13 09:58:20	user	t	2012-09-28 09:58:20	87dc1e131a1369fdf8f1c824a6a62dff	\N	\N	\N	\N
404	user404	user404@user.com	\N	2012-08-13 08:57:20	2012-09-12 08:57:20	user	t	2012-09-27 08:57:20	87dc1e131a1369fdf8f1c824a6a62dff	\N	\N	\N	\N
405	user405	user405@user.com	\N	2012-08-12 07:56:20	\N	user	t	\N	87dc1e131a1369fdf8f1c824a6a62dff	\N	\N	\N	\N
406	user406	user406@user.com	\N	2012-08-11 06:55:20	2012-09-10 06:55:20	user	t	2012-09-25 06:55:20	87dc1e131a1369fdf8f1c824a6a62dff	\N	\N	\N	\N
407	user407	user407@user.com	\N	2012-08-10 05:54:20	2012-09-09 05:54:20	user	t	2012-09-24 05:54:20	87dc1e131a1369fdf8f1c824a6a62dff	\N	\N	\N	\N
408	user408	user408@user.com	\N	2012-08-09 04:53:20	2012-09-08 04:53:20	user	t	\N	87dc1e131a1369fdf8f1c824a6a62dff	\N	\N	\N	\N
409	user409	user409@user.com	\N	2012-08-08 03:52:20	2012-09-07 03:52:20	user	t	2012-09-22 03:52:20	87dc1e131a1369fdf8f1c824a6a62dff	\N	\N	\N	\N
410	user410	user410@user.com	\N	2012-08-07 02:51:20	\N	user	t	2012-09-21 02:51:20	87dc1e131a1369fdf8f1c824a6a62dff	\N	\N	\N	\N
411	user411	user411@user.com	\N	2012-08-06 01:50:20	2012-09-05 01:50:20	user	t	\N	87dc1e131a1369fdf8f1c824a6a62dff	\N	\N	\N	\N
412	user412	user412@user.com	\N	2012-08-05 00:49:20	2012-09-04 00:49:20	user	t	2012-09-19 00:49:20	87dc1e131a1369fdf8f1c824a6a62dff	\N	\N	\N	\N
413	user413	user413@user.com	\N	2012-08-03 23:48:20	2012-09-02 23:48:20	user	t	2012-09-17 23:48:20	87dc1e131a1369fdf8f1c824a6a62dff	\N	\N	\N	\N
414	user414	user414@user.com	\N	2012-08-02 22:47:20	2012-09-01 22:47:20	user	t	\N	87dc1e131a1369fdf8f1c824a6a62dff	\N	\N	\N	\N
415	user415	user415@user.com	\N	2012-08-01 21:46:20	\N	user	t	2012-09-15 21:46:20	87dc1e131a1369fdf8f1c824a6a62dff	\N	\N	\N	\N
416	user416	user416@user.com	\N	2012-07-31 20:45:20	2012-08-30 20:45:20	user	t	2012-09-14 20:45:20	87dc1e131a1369fdf8f1c824a6a62dff	\N	\N	\N	\N
417	user417	user417@user.com	\N	2012-07-30 19:44:20	2012-08-29 19:44:20	user	t	\N	87dc1e131a1369fdf8f1c824a6a62dff	\N	\N	\N	\N
418	user418	user418@user.com	\N	2012-07-29 18:43:20	2012-08-28 18:43:20	user	t	2012-09-12 18:43:20	87dc1e131a1369fdf8f1c824a6a62dff	\N	\N	\N	\N
419	user419	user419@user.com	\N	2012-07-28 17:42:20	2012-08-27 17:42:20	user	t	2012-09-11 17:42:20	87dc1e131a1369fdf8f1c824a6a62dff	\N	\N	\N	\N
420	user420	user420@user.com	\N	2012-07-27 16:41:20	\N	user	t	\N	87dc1e131a1369fdf8f1c824a6a62dff	\N	\N	\N	\N
421	user421	user421@user.com	\N	2012-07-26 15:40:20	2012-08-25 15:40:20	user	t	2012-09-09 15:40:20	87dc1e131a1369fdf8f1c824a6a62dff	\N	\N	\N	\N
422	user422	user422@user.com	\N	2012-07-25 14:39:20	2012-08-24 14:39:20	user	t	2012-09-08 14:39:20	87dc1e131a1369fdf8f1c824a6a62dff	\N	\N	\N	\N
423	user423	user423@user.com	\N	2012-07-24 13:38:20	2012-08-23 13:38:20	user	t	\N	87dc1e131a1369fdf8f1c824a6a62dff	\N	\N	\N	\N
424	user424	user424@user.com	\N	2012-07-23 12:37:20	2012-08-22 12:37:20	user	t	2012-09-06 12:37:20	87dc1e131a1369fdf8f1c824a6a62dff	\N	\N	\N	\N
425	user425	user425@user.com	\N	2012-07-22 11:36:20	\N	user	t	2012-09-05 11:36:20	87dc1e131a1369fdf8f1c824a6a62dff	\N	\N	\N	\N
426	user426	user426@user.com	\N	2012-07-21 10:35:20	2012-08-20 10:35:20	user	t	\N	87dc1e131a1369fdf8f1c824a6a62dff	\N	\N	\N	\N
427	user427	user427@user.com	\N	2012-07-20 09:34:20	2012-08-19 09:34:20	user	t	2012-09-03 09:34:20	87dc1e131a1369fdf8f1c824a6a62dff	\N	\N	\N	\N
428	user428	user428@user.com	\N	2012-07-19 08:33:20	2012-08-18 08:33:20	user	t	2012-09-02 08:33:20	87dc1e131a1369fdf8f1c824a6a62dff	\N	\N	\N	\N
429	user429	user429@user.com	\N	2012-07-18 07:32:20	2012-08-17 07:32:20	user	t	\N	87dc1e131a1369fdf8f1c824a6a62dff	\N	\N	\N	\N
430	user430	user430@user.com	\N	2012-07-17 06:31:20	\N	user	t	2012-08-31 06:31:20	87dc1e131a1369fdf8f1c824a6a62dff	\N	\N	\N	\N
431	user431	user431@user.com	\N	2012-07-16 05:30:20	2012-08-15 05:30:20	user	t	2012-08-30 05:30:20	87dc1e131a1369fdf8f1c824a6a62dff	\N	\N	\N	\N
432	user432	user432@user.com	\N	2012-07-15 04:29:20	2012-08-14 04:29:20	user	t	\N	87dc1e131a1369fdf8f1c824a6a62dff	\N	\N	\N	\N
433	user433	user433@user.com	\N	2012-07-14 03:28:20	2012-08-13 03:28:20	user	t	2012-08-28 03:28:20	87dc1e131a1369fdf8f1c824a6a62dff	\N	\N	\N	\N
434	user434	user434@user.com	\N	2012-07-13 02:27:20	2012-08-12 02:27:20	user	t	2012-08-27 02:27:20	87dc1e131a1369fdf8f1c824a6a62dff	\N	\N	\N	\N
435	user435	user435@user.com	\N	2012-07-12 01:26:20	\N	user	t	\N	87dc1e131a1369fdf8f1c824a6a62dff	\N	\N	\N	\N
436	user436	user436@user.com	\N	2012-07-11 00:25:20	2012-08-10 00:25:20	user	t	2012-08-25 00:25:20	87dc1e131a1369fdf8f1c824a6a62dff	\N	\N	\N	\N
437	user437	user437@user.com	\N	2012-07-09 23:24:20	2012-08-08 23:24:20	user	t	2012-08-23 23:24:20	87dc1e131a1369fdf8f1c824a6a62dff	\N	\N	\N	\N
438	user438	user438@user.com	\N	2012-07-08 22:23:20	2012-08-07 22:23:20	user	t	\N	87dc1e131a1369fdf8f1c824a6a62dff	\N	\N	\N	\N
439	user439	user439@user.com	\N	2012-07-07 21:22:20	2012-08-06 21:22:20	user	t	2012-08-21 21:22:20	87dc1e131a1369fdf8f1c824a6a62dff	\N	\N	\N	\N
440	user440	user440@user.com	\N	2012-07-06 20:21:20	\N	user	t	2012-08-20 20:21:20	87dc1e131a1369fdf8f1c824a6a62dff	\N	\N	\N	\N
441	user441	user441@user.com	\N	2012-07-05 19:20:20	2012-08-04 19:20:20	user	t	\N	87dc1e131a1369fdf8f1c824a6a62dff	\N	\N	\N	\N
442	user442	user442@user.com	\N	2012-07-04 18:19:20	2012-08-03 18:19:20	user	t	2012-08-18 18:19:20	87dc1e131a1369fdf8f1c824a6a62dff	\N	\N	\N	\N
443	user443	user443@user.com	\N	2012-07-03 17:18:20	2012-08-02 17:18:20	user	t	2012-08-17 17:18:20	87dc1e131a1369fdf8f1c824a6a62dff	\N	\N	\N	\N
444	user444	user444@user.com	\N	2012-07-02 16:17:20	2012-08-01 16:17:20	user	t	\N	87dc1e131a1369fdf8f1c824a6a62dff	\N	\N	\N	\N
445	user445	user445@user.com	\N	2012-07-01 15:16:20	\N	user	t	2012-08-15 15:16:20	87dc1e131a1369fdf8f1c824a6a62dff	\N	\N	\N	\N
446	user446	user446@user.com	\N	2012-06-30 14:15:20	2012-07-30 14:15:20	user	t	2012-08-14 14:15:20	87dc1e131a1369fdf8f1c824a6a62dff	\N	\N	\N	\N
447	user447	user447@user.com	\N	2012-06-29 13:14:20	2012-07-29 13:14:20	user	t	\N	87dc1e131a1369fdf8f1c824a6a62dff	\N	\N	\N	\N
448	user448	user448@user.com	\N	2012-06-28 12:13:20	2012-07-28 12:13:20	user	t	2012-08-12 12:13:20	87dc1e131a1369fdf8f1c824a6a62dff	\N	\N	\N	\N
449	user449	user449@user.com	\N	2012-06-27 11:12:20	2012-07-27 11:12:20	user	t	2012-08-11 11:12:20	87dc1e131a1369fdf8f1c824a6a62dff	\N	\N	\N	\N
450	user450	user450@user.com	\N	2012-06-26 10:11:20	\N	user	t	\N	87dc1e131a1369fdf8f1c824a6a62dff	\N	\N	\N	\N
451	user451	user451@user.com	\N	2012-06-25 09:10:20	2012-07-25 09:10:20	user	t	2012-08-09 09:10:20	87dc1e131a1369fdf8f1c824a6a62dff	\N	\N	\N	\N
452	user452	user452@user.com	\N	2012-06-24 08:09:20	2012-07-24 08:09:20	user	t	2012-08-08 08:09:20	87dc1e131a1369fdf8f1c824a6a62dff	\N	\N	\N	\N
453	user453	user453@user.com	\N	2012-06-23 07:08:20	2012-07-23 07:08:20	user	t	\N	87dc1e131a1369fdf8f1c824a6a62dff	\N	\N	\N	\N
454	user454	user454@user.com	\N	2012-06-22 06:07:20	2012-07-22 06:07:20	user	t	2012-08-06 06:07:20	87dc1e131a1369fdf8f1c824a6a62dff	\N	\N	\N	\N
455	user455	user455@user.com	\N	2012-06-21 05:06:20	\N	user	t	2012-08-05 05:06:20	87dc1e131a1369fdf8f1c824a6a62dff	\N	\N	\N	\N
456	user456	user456@user.com	\N	2012-06-20 04:05:20	2012-07-20 04:05:20	user	t	\N	87dc1e131a1369fdf8f1c824a6a62dff	\N	\N	\N	\N
457	user457	user457@user.com	\N	2012-06-19 03:04:20	2012-07-19 03:04:20	user	t	2012-08-03 03:04:20	87dc1e131a1369fdf8f1c824a6a62dff	\N	\N	\N	\N
458	user458	user458@user.com	\N	2012-06-18 02:03:20	2012-07-18 02:03:20	user	t	2012-08-02 02:03:20	87dc1e131a1369fdf8f1c824a6a62dff	\N	\N	\N	\N
459	user459	user459@user.com	\N	2012-06-17 01:02:20	2012-07-17 01:02:20	user	t	\N	87dc1e131a1369fdf8f1c824a6a62dff	\N	\N	\N	\N
460	user460	user460@user.com	\N	2012-06-16 00:01:20	\N	user	t	2012-07-31 00:01:20	87dc1e131a1369fdf8f1c824a6a62dff	\N	\N	\N	\N
461	user461	user461@user.com	\N	2012-06-14 23:00:20	2012-07-14 23:00:20	user	t	2012-07-29 23:00:20	87dc1e131a1369fdf8f1c824a6a62dff	\N	\N	\N	\N
462	user462	user462@user.com	\N	2012-06-13 21:59:20	2012-07-13 21:59:20	user	t	\N	87dc1e131a1369fdf8f1c824a6a62dff	\N	\N	\N	\N
463	user463	user463@user.com	\N	2012-06-12 20:58:20	2012-07-12 20:58:20	user	t	2012-07-27 20:58:20	87dc1e131a1369fdf8f1c824a6a62dff	\N	\N	\N	\N
464	user464	user464@user.com	\N	2012-06-11 19:57:20	2012-07-11 19:57:20	user	t	2012-07-26 19:57:20	87dc1e131a1369fdf8f1c824a6a62dff	\N	\N	\N	\N
465	user465	user465@user.com	\N	2012-06-10 18:56:20	\N	user	t	\N	87dc1e131a1369fdf8f1c824a6a62dff	\N	\N	\N	\N
466	user466	user466@user.com	\N	2012-06-09 17:55:20	2012-07-09 17:55:20	user	t	2012-07-24 17:55:20	87dc1e131a1369fdf8f1c824a6a62dff	\N	\N	\N	\N
467	user467	user467@user.com	\N	2012-06-08 16:54:20	2012-07-08 16:54:20	user	t	2012-07-23 16:54:20	87dc1e131a1369fdf8f1c824a6a62dff	\N	\N	\N	\N
468	user468	user468@user.com	\N	2012-06-07 15:53:20	2012-07-07 15:53:20	user	t	\N	87dc1e131a1369fdf8f1c824a6a62dff	\N	\N	\N	\N
469	user469	user469@user.com	\N	2012-06-06 14:52:20	2012-07-06 14:52:20	user	t	2012-07-21 14:52:20	87dc1e131a1369fdf8f1c824a6a62dff	\N	\N	\N	\N
470	user470	user470@user.com	\N	2012-06-05 13:51:20	\N	user	t	2012-07-20 13:51:20	87dc1e131a1369fdf8f1c824a6a62dff	\N	\N	\N	\N
471	user471	user471@user.com	\N	2012-06-04 12:50:20	2012-07-04 12:50:20	user	t	\N	87dc1e131a1369fdf8f1c824a6a62dff	\N	\N	\N	\N
472	user472	user472@user.com	\N	2012-06-03 11:49:20	2012-07-03 11:49:20	user	t	2012-07-18 11:49:20	87dc1e131a1369fdf8f1c824a6a62dff	\N	\N	\N	\N
473	user473	user473@user.com	\N	2012-06-02 10:48:20	2012-07-02 10:48:20	user	t	2012-07-17 10:48:20	87dc1e131a1369fdf8f1c824a6a62dff	\N	\N	\N	\N
474	user474	user474@user.com	\N	2012-06-01 09:47:20	2012-07-01 09:47:20	user	t	\N	87dc1e131a1369fdf8f1c824a6a62dff	\N	\N	\N	\N
475	user475	user475@user.com	\N	2012-05-31 08:46:20	\N	user	t	2012-07-15 08:46:20	87dc1e131a1369fdf8f1c824a6a62dff	\N	\N	\N	\N
476	user476	user476@user.com	\N	2012-05-30 07:45:20	2012-06-29 07:45:20	user	t	2012-07-14 07:45:20	87dc1e131a1369fdf8f1c824a6a62dff	\N	\N	\N	\N
477	user477	user477@user.com	\N	2012-05-29 06:44:20	2012-06-28 06:44:20	user	t	\N	87dc1e131a1369fdf8f1c824a6a62dff	\N	\N	\N	\N
478	user478	user478@user.com	\N	2012-05-28 05:43:20	2012-06-27 05:43:20	user	t	2012-07-12 05:43:20	87dc1e131a1369fdf8f1c824a6a62dff	\N	\N	\N	\N
479	user479	user479@user.com	\N	2012-05-27 04:42:20	2012-06-26 04:42:20	user	t	2012-07-11 04:42:20	87dc1e131a1369fdf8f1c824a6a62dff	\N	\N	\N	\N
480	user480	user480@user.com	\N	2012-05-26 03:41:20	\N	user	t	\N	87dc1e131a1369fdf8f1c824a6a62dff	\N	\N	\N	\N
481	user481	user481@user.com	\N	2012-05-25 02:40:20	2012-06-24 02:40:20	user	t	2012-07-09 02:40:20	87dc1e131a1369fdf8f1c824a6a62dff	\N	\N	\N	\N
482	user482	user482@user.com	\N	2012-05-24 01:39:20	2012-06-23 01:39:20	user	t	2012-07-08 01:39:20	87dc1e131a1369fdf8f1c824a6a62dff	\N	\N	\N	\N
483	user483	user483@user.com	\N	2012-05-23 00:38:20	2012-06-22 00:38:20	user	t	\N	87dc1e131a1369fdf8f1c824a6a62dff	\N	\N	\N	\N
484	user484	user484@user.com	\N	2012-05-21 23:37:20	2012-06-20 23:37:20	user	t	2012-07-05 23:37:20	87dc1e131a1369fdf8f1c824a6a62dff	\N	\N	\N	\N
485	user485	user485@user.com	\N	2012-05-20 22:36:20	\N	user	t	2012-07-04 22:36:20	87dc1e131a1369fdf8f1c824a6a62dff	\N	\N	\N	\N
486	user486	user486@user.com	\N	2012-05-19 21:35:20	2012-06-18 21:35:20	user	t	\N	87dc1e131a1369fdf8f1c824a6a62dff	\N	\N	\N	\N
487	user487	user487@user.com	\N	2012-05-18 20:34:20	2012-06-17 20:34:20	user	t	2012-07-02 20:34:20	87dc1e131a1369fdf8f1c824a6a62dff	\N	\N	\N	\N
488	user488	user488@user.com	\N	2012-05-17 19:33:20	2012-06-16 19:33:20	user	t	2012-07-01 19:33:20	87dc1e131a1369fdf8f1c824a6a62dff	\N	\N	\N	\N
489	user489	user489@user.com	\N	2012-05-16 18:32:20	2012-06-15 18:32:20	user	t	\N	87dc1e131a1369fdf8f1c824a6a62dff	\N	\N	\N	\N
490	user490	user490@user.com	\N	2012-05-15 17:31:20	\N	user	t	2012-06-29 17:31:20	87dc1e131a1369fdf8f1c824a6a62dff	\N	\N	\N	\N
491	user491	user491@user.com	\N	2012-05-14 16:30:20	2012-06-13 16:30:20	user	t	2012-06-28 16:30:20	87dc1e131a1369fdf8f1c824a6a62dff	\N	\N	\N	\N
492	user492	user492@user.com	\N	2012-05-13 15:29:20	2012-06-12 15:29:20	user	t	\N	87dc1e131a1369fdf8f1c824a6a62dff	\N	\N	\N	\N
493	user493	user493@user.com	\N	2012-05-12 14:28:20	2012-06-11 14:28:20	user	t	2012-06-26 14:28:20	87dc1e131a1369fdf8f1c824a6a62dff	\N	\N	\N	\N
494	user494	user494@user.com	\N	2012-05-11 13:27:20	2012-06-10 13:27:20	user	t	2012-06-25 13:27:20	87dc1e131a1369fdf8f1c824a6a62dff	\N	\N	\N	\N
495	user495	user495@user.com	\N	2012-05-10 12:26:20	\N	user	t	\N	87dc1e131a1369fdf8f1c824a6a62dff	\N	\N	\N	\N
496	user496	user496@user.com	\N	2012-05-09 11:25:20	2012-06-08 11:25:20	user	t	2012-06-23 11:25:20	87dc1e131a1369fdf8f1c824a6a62dff	\N	\N	\N	\N
497	user497	user497@user.com	\N	2012-05-08 10:24:20	2012-06-07 10:24:20	user	t	2012-06-22 10:24:20	87dc1e131a1369fdf8f1c824a6a62dff	\N	\N	\N	\N
498	user498	user498@user.com	\N	2012-05-07 09:23:20	2012-06-06 09:23:20	user	t	\N	87dc1e131a1369fdf8f1c824a6a62dff	\N	\N	\N	\N
499	user499	user499@user.com	\N	2012-05-06 08:22:20	2012-06-05 08:22:20	user	t	2012-06-20 08:22:20	87dc1e131a1369fdf8f1c824a6a62dff	\N	\N	\N	\N
500	user500	user500@user.com	\N	2012-05-05 07:21:20	\N	user	t	2012-06-19 07:21:20	87dc1e131a1369fdf8f1c824a6a62dff	\N	\N	\N	\N
501	user501	user501@user.com	\N	2012-05-04 06:20:20	2012-06-03 06:20:20	user	t	\N	87dc1e131a1369fdf8f1c824a6a62dff	\N	\N	\N	\N
502	user502	user502@user.com	\N	2012-05-03 05:19:20	2012-06-02 05:19:20	user	t	2012-06-17 05:19:20	87dc1e131a1369fdf8f1c824a6a62dff	\N	\N	\N	\N
503	user503	user503@user.com	\N	2012-05-02 04:18:20	2012-06-01 04:18:20	user	t	2012-06-16 04:18:20	87dc1e131a1369fdf8f1c824a6a62dff	\N	\N	\N	\N
504	user504	user504@user.com	\N	2012-05-01 03:17:20	2012-05-31 03:17:20	user	t	\N	87dc1e131a1369fdf8f1c824a6a62dff	\N	\N	\N	\N
505	user505	user505@user.com	\N	2012-04-30 02:16:20	\N	user	t	2012-06-14 02:16:20	87dc1e131a1369fdf8f1c824a6a62dff	\N	\N	\N	\N
506	user506	user506@user.com	\N	2012-04-29 01:15:20	2012-05-29 01:15:20	user	t	2012-06-13 01:15:20	87dc1e131a1369fdf8f1c824a6a62dff	\N	\N	\N	\N
507	user507	user507@user.com	\N	2012-04-28 00:14:20	2012-05-28 00:14:20	user	t	\N	87dc1e131a1369fdf8f1c824a6a62dff	\N	\N	\N	\N
508	user508	user508@user.com	\N	2012-04-26 23:13:20	2012-05-26 23:13:20	user	t	2012-06-10 23:13:20	87dc1e131a1369fdf8f1c824a6a62dff	\N	\N	\N	\N
509	user509	user509@user.com	\N	2012-04-25 22:12:20	2012-05-25 22:12:20	user	t	2012-06-09 22:12:20	87dc1e131a1369fdf8f1c824a6a62dff	\N	\N	\N	\N
510	user510	user510@user.com	\N	2012-04-24 21:11:20	\N	user	t	\N	87dc1e131a1369fdf8f1c824a6a62dff	\N	\N	\N	\N
511	user511	user511@user.com	\N	2012-04-23 20:10:20	2012-05-23 20:10:20	user	t	2012-06-07 20:10:20	87dc1e131a1369fdf8f1c824a6a62dff	\N	\N	\N	\N
512	user512	user512@user.com	\N	2012-04-22 19:09:20	2012-05-22 19:09:20	user	t	2012-06-06 19:09:20	87dc1e131a1369fdf8f1c824a6a62dff	\N	\N	\N	\N
513	user513	user513@user.com	\N	2012-04-21 18:08:20	2012-05-21 18:08:20	user	t	\N	87dc1e131a1369fdf8f1c824a6a62dff	\N	\N	\N	\N
514	user514	user514@user.com	\N	2012-04-20 17:07:20	2012-05-20 17:07:20	user	t	2012-06-04 17:07:20	87dc1e131a1369fdf8f1c824a6a62dff	\N	\N	\N	\N
515	user515	user515@user.com	\N	2012-04-19 16:06:20	\N	user	t	2012-06-03 16:06:20	87dc1e131a1369fdf8f1c824a6a62dff	\N	\N	\N	\N
516	user516	user516@user.com	\N	2012-04-18 15:05:20	2012-05-18 15:05:20	user	t	\N	87dc1e131a1369fdf8f1c824a6a62dff	\N	\N	\N	\N
517	user517	user517@user.com	\N	2012-04-17 14:04:20	2012-05-17 14:04:20	user	t	2012-06-01 14:04:20	87dc1e131a1369fdf8f1c824a6a62dff	\N	\N	\N	\N
518	user518	user518@user.com	\N	2012-04-16 13:03:20	2012-05-16 13:03:20	user	t	2012-05-31 13:03:20	87dc1e131a1369fdf8f1c824a6a62dff	\N	\N	\N	\N
519	user519	user519@user.com	\N	2012-04-15 12:02:20	2012-05-15 12:02:20	user	t	\N	87dc1e131a1369fdf8f1c824a6a62dff	\N	\N	\N	\N
520	user520	user520@user.com	\N	2012-04-14 11:01:20	\N	user	t	2012-05-29 11:01:20	87dc1e131a1369fdf8f1c824a6a62dff	\N	\N	\N	\N
521	user521	user521@user.com	\N	2012-04-13 10:00:20	2012-05-13 10:00:20	user	t	2012-05-28 10:00:20	87dc1e131a1369fdf8f1c824a6a62dff	\N	\N	\N	\N
522	user522	user522@user.com	\N	2012-04-12 08:59:20	2012-05-12 08:59:20	user	t	\N	87dc1e131a1369fdf8f1c824a6a62dff	\N	\N	\N	\N
523	user523	user523@user.com	\N	2012-04-11 07:58:20	2012-05-11 07:58:20	user	t	2012-05-26 07:58:20	87dc1e131a1369fdf8f1c824a6a62dff	\N	\N	\N	\N
524	user524	user524@user.com	\N	2012-04-10 06:57:20	2012-05-10 06:57:20	user	t	2012-05-25 06:57:20	87dc1e131a1369fdf8f1c824a6a62dff	\N	\N	\N	\N
525	user525	user525@user.com	\N	2012-04-09 05:56:20	\N	user	t	\N	87dc1e131a1369fdf8f1c824a6a62dff	\N	\N	\N	\N
526	user526	user526@user.com	\N	2012-04-08 04:55:20	2012-05-08 04:55:20	user	t	2012-05-23 04:55:20	87dc1e131a1369fdf8f1c824a6a62dff	\N	\N	\N	\N
527	user527	user527@user.com	\N	2012-04-07 03:54:20	2012-05-07 03:54:20	user	t	2012-05-22 03:54:20	87dc1e131a1369fdf8f1c824a6a62dff	\N	\N	\N	\N
528	user528	user528@user.com	\N	2012-04-06 02:53:20	2012-05-06 02:53:20	user	t	\N	87dc1e131a1369fdf8f1c824a6a62dff	\N	\N	\N	\N
529	user529	user529@user.com	\N	2012-04-05 01:52:20	2012-05-05 01:52:20	user	t	2012-05-20 01:52:20	87dc1e131a1369fdf8f1c824a6a62dff	\N	\N	\N	\N
530	user530	user530@user.com	\N	2012-04-04 00:51:20	\N	user	t	2012-05-19 00:51:20	87dc1e131a1369fdf8f1c824a6a62dff	\N	\N	\N	\N
531	user531	user531@user.com	\N	2012-04-02 23:50:20	2012-05-02 23:50:20	user	t	\N	87dc1e131a1369fdf8f1c824a6a62dff	\N	\N	\N	\N
532	user532	user532@user.com	\N	2012-04-01 22:49:20	2012-05-01 22:49:20	user	t	2012-05-16 22:49:20	87dc1e131a1369fdf8f1c824a6a62dff	\N	\N	\N	\N
533	user533	user533@user.com	\N	2012-03-31 21:48:20	2012-04-30 21:48:20	user	t	2012-05-15 21:48:20	87dc1e131a1369fdf8f1c824a6a62dff	\N	\N	\N	\N
534	user534	user534@user.com	\N	2012-03-30 20:47:20	2012-04-29 20:47:20	user	t	\N	87dc1e131a1369fdf8f1c824a6a62dff	\N	\N	\N	\N
535	user535	user535@user.com	\N	2012-03-29 19:46:20	\N	user	t	2012-05-13 19:46:20	87dc1e131a1369fdf8f1c824a6a62dff	\N	\N	\N	\N
536	user536	user536@user.com	\N	2012-03-28 18:45:20	2012-04-27 18:45:20	user	t	2012-05-12 18:45:20	87dc1e131a1369fdf8f1c824a6a62dff	\N	\N	\N	\N
537	user537	user537@user.com	\N	2012-03-27 17:44:20	2012-04-26 17:44:20	user	t	\N	87dc1e131a1369fdf8f1c824a6a62dff	\N	\N	\N	\N
538	user538	user538@user.com	\N	2012-03-26 16:43:20	2012-04-25 16:43:20	user	t	2012-05-10 16:43:20	87dc1e131a1369fdf8f1c824a6a62dff	\N	\N	\N	\N
539	user539	user539@user.com	\N	2012-03-25 15:42:20	2012-04-24 15:42:20	user	t	2012-05-09 15:42:20	87dc1e131a1369fdf8f1c824a6a62dff	\N	\N	\N	\N
540	user540	user540@user.com	\N	2012-03-24 14:41:20	\N	user	t	\N	87dc1e131a1369fdf8f1c824a6a62dff	\N	\N	\N	\N
541	user541	user541@user.com	\N	2012-03-23 13:40:20	2012-04-22 13:40:20	user	t	2012-05-07 13:40:20	87dc1e131a1369fdf8f1c824a6a62dff	\N	\N	\N	\N
542	user542	user542@user.com	\N	2012-03-22 12:39:20	2012-04-21 12:39:20	user	t	2012-05-06 12:39:20	87dc1e131a1369fdf8f1c824a6a62dff	\N	\N	\N	\N
543	user543	user543@user.com	\N	2012-03-21 11:38:20	2012-04-20 11:38:20	user	t	\N	87dc1e131a1369fdf8f1c824a6a62dff	\N	\N	\N	\N
544	user544	user544@user.com	\N	2012-03-20 10:37:20	2012-04-19 10:37:20	user	t	2012-05-04 10:37:20	87dc1e131a1369fdf8f1c824a6a62dff	\N	\N	\N	\N
545	user545	user545@user.com	\N	2012-03-19 09:36:20	\N	user	t	2012-05-03 09:36:20	87dc1e131a1369fdf8f1c824a6a62dff	\N	\N	\N	\N
546	user546	user546@user.com	\N	2012-03-18 08:35:20	2012-04-17 08:35:20	user	t	\N	87dc1e131a1369fdf8f1c824a6a62dff	\N	\N	\N	\N
547	user547	user547@user.com	\N	2012-03-17 07:34:20	2012-04-16 07:34:20	user	t	2012-05-01 07:34:20	87dc1e131a1369fdf8f1c824a6a62dff	\N	\N	\N	\N
548	user548	user548@user.com	\N	2012-03-16 06:33:20	2012-04-15 06:33:20	user	t	2012-04-30 06:33:20	87dc1e131a1369fdf8f1c824a6a62dff	\N	\N	\N	\N
549	user549	user549@user.com	\N	2012-03-15 05:32:20	2012-04-14 05:32:20	user	t	\N	87dc1e131a1369fdf8f1c824a6a62dff	\N	\N	\N	\N
550	user550	user550@user.com	\N	2012-03-14 04:31:20	\N	user	t	2012-04-28 04:31:20	87dc1e131a1369fdf8f1c824a6a62dff	\N	\N	\N	\N
551	user551	user551@user.com	\N	2012-03-13 03:30:20	2012-04-12 03:30:20	user	t	2012-04-27 03:30:20	87dc1e131a1369fdf8f1c824a6a62dff	\N	\N	\N	\N
552	user552	user552@user.com	\N	2012-03-12 02:29:20	2012-04-11 02:29:20	user	t	\N	87dc1e131a1369fdf8f1c824a6a62dff	\N	\N	\N	\N
553	user553	user553@user.com	\N	2012-03-11 01:28:20	2012-04-10 01:28:20	user	t	2012-04-25 01:28:20	87dc1e131a1369fdf8f1c824a6a62dff	\N	\N	\N	\N
554	user554	user554@user.com	\N	2012-03-10 00:27:20	2012-04-09 00:27:20	user	t	2012-04-24 00:27:20	87dc1e131a1369fdf8f1c824a6a62dff	\N	\N	\N	\N
555	user555	user555@user.com	\N	2012-03-08 23:26:20	\N	user	t	\N	87dc1e131a1369fdf8f1c824a6a62dff	\N	\N	\N	\N
556	user556	user556@user.com	\N	2012-03-07 22:25:20	2012-04-06 22:25:20	user	t	2012-04-21 22:25:20	87dc1e131a1369fdf8f1c824a6a62dff	\N	\N	\N	\N
557	user557	user557@user.com	\N	2012-03-06 21:24:20	2012-04-05 21:24:20	user	t	2012-04-20 21:24:20	87dc1e131a1369fdf8f1c824a6a62dff	\N	\N	\N	\N
558	user558	user558@user.com	\N	2012-03-05 20:23:20	2012-04-04 20:23:20	user	t	\N	87dc1e131a1369fdf8f1c824a6a62dff	\N	\N	\N	\N
559	user559	user559@user.com	\N	2012-03-04 19:22:20	2012-04-03 19:22:20	user	t	2012-04-18 19:22:20	87dc1e131a1369fdf8f1c824a6a62dff	\N	\N	\N	\N
560	user560	user560@user.com	\N	2012-03-03 18:21:20	\N	user	t	2012-04-17 18:21:20	87dc1e131a1369fdf8f1c824a6a62dff	\N	\N	\N	\N
561	user561	user561@user.com	\N	2012-03-02 17:20:20	2012-04-01 17:20:20	user	t	\N	87dc1e131a1369fdf8f1c824a6a62dff	\N	\N	\N	\N
562	user562	user562@user.com	\N	2012-03-01 16:19:20	2012-03-31 16:19:20	user	t	2012-04-15 16:19:20	87dc1e131a1369fdf8f1c824a6a62dff	\N	\N	\N	\N
563	user563	user563@user.com	\N	2012-02-29 15:18:20	2012-03-30 15:18:20	user	t	2012-04-14 15:18:20	87dc1e131a1369fdf8f1c824a6a62dff	\N	\N	\N	\N
564	user564	user564@user.com	\N	2012-02-28 14:17:20	2012-03-29 14:17:20	user	t	\N	87dc1e131a1369fdf8f1c824a6a62dff	\N	\N	\N	\N
565	user565	user565@user.com	\N	2012-02-27 13:16:20	\N	user	t	2012-04-12 13:16:20	87dc1e131a1369fdf8f1c824a6a62dff	\N	\N	\N	\N
566	user566	user566@user.com	\N	2012-02-26 12:15:20	2012-03-27 12:15:20	user	t	2012-04-11 12:15:20	87dc1e131a1369fdf8f1c824a6a62dff	\N	\N	\N	\N
567	user567	user567@user.com	\N	2012-02-25 11:14:20	2012-03-26 11:14:20	user	t	\N	87dc1e131a1369fdf8f1c824a6a62dff	\N	\N	\N	\N
568	user568	user568@user.com	\N	2012-02-24 10:13:20	2012-03-25 10:13:20	user	t	2012-04-09 10:13:20	87dc1e131a1369fdf8f1c824a6a62dff	\N	\N	\N	\N
569	user569	user569@user.com	\N	2012-02-23 09:12:20	2012-03-24 09:12:20	user	t	2012-04-08 09:12:20	87dc1e131a1369fdf8f1c824a6a62dff	\N	\N	\N	\N
570	user570	user570@user.com	\N	2012-02-22 08:11:20	\N	user	t	\N	87dc1e131a1369fdf8f1c824a6a62dff	\N	\N	\N	\N
571	user571	user571@user.com	\N	2012-02-21 07:10:20	2012-03-22 07:10:20	user	t	2012-04-06 07:10:20	87dc1e131a1369fdf8f1c824a6a62dff	\N	\N	\N	\N
572	user572	user572@user.com	\N	2012-02-20 06:09:20	2012-03-21 06:09:20	user	t	2012-04-05 06:09:20	87dc1e131a1369fdf8f1c824a6a62dff	\N	\N	\N	\N
573	user573	user573@user.com	\N	2012-02-19 05:08:20	2012-03-20 05:08:20	user	t	\N	87dc1e131a1369fdf8f1c824a6a62dff	\N	\N	\N	\N
574	user574	user574@user.com	\N	2012-02-18 04:07:20	2012-03-19 04:07:20	user	t	2012-04-03 04:07:20	87dc1e131a1369fdf8f1c824a6a62dff	\N	\N	\N	\N
575	user575	user575@user.com	\N	2012-02-17 03:06:20	\N	user	t	2012-04-02 03:06:20	87dc1e131a1369fdf8f1c824a6a62dff	\N	\N	\N	\N
576	user576	user576@user.com	\N	2012-02-16 02:05:20	2012-03-17 02:05:20	user	t	\N	87dc1e131a1369fdf8f1c824a6a62dff	\N	\N	\N	\N
577	user577	user577@user.com	\N	2012-02-15 01:04:20	2012-03-16 01:04:20	user	t	2012-03-31 01:04:20	87dc1e131a1369fdf8f1c824a6a62dff	\N	\N	\N	\N
578	user578	user578@user.com	\N	2012-02-14 00:03:20	2012-03-15 00:03:20	user	t	2012-03-30 00:03:20	87dc1e131a1369fdf8f1c824a6a62dff	\N	\N	\N	\N
579	user579	user579@user.com	\N	2012-02-12 23:02:20	2012-03-13 23:02:20	user	t	\N	87dc1e131a1369fdf8f1c824a6a62dff	\N	\N	\N	\N
580	user580	user580@user.com	\N	2012-02-11 22:01:20	\N	user	t	2012-03-27 22:01:20	87dc1e131a1369fdf8f1c824a6a62dff	\N	\N	\N	\N
581	user581	user581@user.com	\N	2012-02-10 21:00:20	2012-03-11 21:00:20	user	t	2012-03-26 21:00:20	87dc1e131a1369fdf8f1c824a6a62dff	\N	\N	\N	\N
582	user582	user582@user.com	\N	2012-02-09 19:59:20	2012-03-10 19:59:20	user	t	\N	87dc1e131a1369fdf8f1c824a6a62dff	\N	\N	\N	\N
583	user583	user583@user.com	\N	2012-02-08 18:58:20	2012-03-09 18:58:20	user	t	2012-03-24 18:58:20	87dc1e131a1369fdf8f1c824a6a62dff	\N	\N	\N	\N
584	user584	user584@user.com	\N	2012-02-07 17:57:20	2012-03-08 17:57:20	user	t	2012-03-23 17:57:20	87dc1e131a1369fdf8f1c824a6a62dff	\N	\N	\N	\N
585	user585	user585@user.com	\N	2012-02-06 16:56:20	\N	user	t	\N	87dc1e131a1369fdf8f1c824a6a62dff	\N	\N	\N	\N
586	user586	user586@user.com	\N	2012-02-05 15:55:20	2012-03-06 15:55:20	user	t	2012-03-21 15:55:20	87dc1e131a1369fdf8f1c824a6a62dff	\N	\N	\N	\N
587	user587	user587@user.com	\N	2012-02-04 14:54:20	2012-03-05 14:54:20	user	t	2012-03-20 14:54:20	87dc1e131a1369fdf8f1c824a6a62dff	\N	\N	\N	\N
588	user588	user588@user.com	\N	2012-02-03 13:53:20	2012-03-04 13:53:20	user	t	\N	87dc1e131a1369fdf8f1c824a6a62dff	\N	\N	\N	\N
589	user589	user589@user.com	\N	2012-02-02 12:52:20	2012-03-03 12:52:20	user	t	2012-03-18 12:52:20	87dc1e131a1369fdf8f1c824a6a62dff	\N	\N	\N	\N
590	user590	user590@user.com	\N	2012-02-01 11:51:20	\N	user	t	2012-03-17 11:51:20	87dc1e131a1369fdf8f1c824a6a62dff	\N	\N	\N	\N
591	user591	user591@user.com	\N	2012-01-31 10:50:20	2012-03-01 10:50:20	user	t	\N	87dc1e131a1369fdf8f1c824a6a62dff	\N	\N	\N	\N
592	user592	user592@user.com	\N	2012-01-30 09:49:20	2012-02-29 09:49:20	user	t	2012-03-15 09:49:20	87dc1e131a1369fdf8f1c824a6a62dff	\N	\N	\N	\N
593	user593	user593@user.com	\N	2012-01-29 08:48:20	2012-02-28 08:48:20	user	t	2012-03-14 08:48:20	87dc1e131a1369fdf8f1c824a6a62dff	\N	\N	\N	\N
594	user594	user594@user.com	\N	2012-01-28 07:47:20	2012-02-27 07:47:20	user	t	\N	87dc1e131a1369fdf8f1c824a6a62dff	\N	\N	\N	\N
595	user595	user595@user.com	\N	2012-01-27 06:46:20	\N	user	t	2012-03-12 06:46:20	87dc1e131a1369fdf8f1c824a6a62dff	\N	\N	\N	\N
596	user596	user596@user.com	\N	2012-01-26 05:45:20	2012-02-25 05:45:20	user	t	2012-03-11 05:45:20	87dc1e131a1369fdf8f1c824a6a62dff	\N	\N	\N	\N
597	user597	user597@user.com	\N	2012-01-25 04:44:20	2012-02-24 04:44:20	user	t	\N	87dc1e131a1369fdf8f1c824a6a62dff	\N	\N	\N	\N
598	user598	user598@user.com	\N	2012-01-24 03:43:20	2012-02-23 03:43:20	user	t	2012-03-09 03:43:20	87dc1e131a1369fdf8f1c824a6a62dff	\N	\N	\N	\N
599	user599	user599@user.com	\N	2012-01-23 02:42:20	2012-02-22 02:42:20	user	t	2012-03-08 02:42:20	87dc1e131a1369fdf8f1c824a6a62dff	\N	\N	\N	\N
600	user600	user600@user.com	\N	2012-01-22 01:41:20	\N	user	t	\N	87dc1e131a1369fdf8f1c824a6a62dff	\N	\N	\N	\N
601	user601	user601@user.com	\N	2012-01-21 00:40:20	2012-02-20 00:40:20	user	t	2012-03-06 00:40:20	87dc1e131a1369fdf8f1c824a6a62dff	\N	\N	\N	\N
602	user602	user602@user.com	\N	2012-01-19 23:39:20	2012-02-18 23:39:20	user	t	2012-03-04 23:39:20	87dc1e131a1369fdf8f1c824a6a62dff	\N	\N	\N	\N
603	user603	user603@user.com	\N	2012-01-18 22:38:20	2012-02-17 22:38:20	user	t	\N	87dc1e131a1369fdf8f1c824a6a62dff	\N	\N	\N	\N
604	user604	user604@user.com	\N	2012-01-17 21:37:20	2012-02-16 21:37:20	user	t	2012-03-02 21:37:20	87dc1e131a1369fdf8f1c824a6a62dff	\N	\N	\N	\N
605	user605	user605@user.com	\N	2012-01-16 20:36:20	\N	user	t	2012-03-01 20:36:20	87dc1e131a1369fdf8f1c824a6a62dff	\N	\N	\N	\N
606	user606	user606@user.com	\N	2012-01-15 19:35:20	2012-02-14 19:35:20	user	t	\N	87dc1e131a1369fdf8f1c824a6a62dff	\N	\N	\N	\N
607	user607	user607@user.com	\N	2012-01-14 18:34:20	2012-02-13 18:34:20	user	t	2012-02-28 18:34:20	87dc1e131a1369fdf8f1c824a6a62dff	\N	\N	\N	\N
608	user608	user608@user.com	\N	2012-01-13 17:33:20	2012-02-12 17:33:20	user	t	2012-02-27 17:33:20	87dc1e131a1369fdf8f1c824a6a62dff	\N	\N	\N	\N
609	user609	user609@user.com	\N	2012-01-12 16:32:20	2012-02-11 16:32:20	user	t	\N	87dc1e131a1369fdf8f1c824a6a62dff	\N	\N	\N	\N
610	user610	user610@user.com	\N	2012-01-11 15:31:20	\N	user	t	2012-02-25 15:31:20	87dc1e131a1369fdf8f1c824a6a62dff	\N	\N	\N	\N
611	user611	user611@user.com	\N	2012-01-10 14:30:20	2012-02-09 14:30:20	user	t	2012-02-24 14:30:20	87dc1e131a1369fdf8f1c824a6a62dff	\N	\N	\N	\N
612	user612	user612@user.com	\N	2012-01-09 13:29:20	2012-02-08 13:29:20	user	t	\N	87dc1e131a1369fdf8f1c824a6a62dff	\N	\N	\N	\N
613	user613	user613@user.com	\N	2012-01-08 12:28:20	2012-02-07 12:28:20	user	t	2012-02-22 12:28:20	87dc1e131a1369fdf8f1c824a6a62dff	\N	\N	\N	\N
614	user614	user614@user.com	\N	2012-01-07 11:27:20	2012-02-06 11:27:20	user	t	2012-02-21 11:27:20	87dc1e131a1369fdf8f1c824a6a62dff	\N	\N	\N	\N
615	user615	user615@user.com	\N	2012-01-06 10:26:20	\N	user	t	\N	87dc1e131a1369fdf8f1c824a6a62dff	\N	\N	\N	\N
616	user616	user616@user.com	\N	2012-01-05 09:25:20	2012-02-04 09:25:20	user	t	2012-02-19 09:25:20	87dc1e131a1369fdf8f1c824a6a62dff	\N	\N	\N	\N
617	user617	user617@user.com	\N	2012-01-04 08:24:20	2012-02-03 08:24:20	user	t	2012-02-18 08:24:20	87dc1e131a1369fdf8f1c824a6a62dff	\N	\N	\N	\N
618	user618	user618@user.com	\N	2012-01-03 07:23:20	2012-02-02 07:23:20	user	t	\N	87dc1e131a1369fdf8f1c824a6a62dff	\N	\N	\N	\N
619	user619	user619@user.com	\N	2012-01-02 06:22:20	2012-02-01 06:22:20	user	t	2012-02-16 06:22:20	87dc1e131a1369fdf8f1c824a6a62dff	\N	\N	\N	\N
620	user620	user620@user.com	\N	2012-01-01 05:21:20	\N	user	t	2012-02-15 05:21:20	87dc1e131a1369fdf8f1c824a6a62dff	\N	\N	\N	\N
621	user621	user621@user.com	\N	2011-12-31 04:20:20	2012-01-30 04:20:20	user	t	\N	87dc1e131a1369fdf8f1c824a6a62dff	\N	\N	\N	\N
622	user622	user622@user.com	\N	2011-12-30 03:19:20	2012-01-29 03:19:20	user	t	2012-02-13 03:19:20	87dc1e131a1369fdf8f1c824a6a62dff	\N	\N	\N	\N
623	user623	user623@user.com	\N	2011-12-29 02:18:20	2012-01-28 02:18:20	user	t	2012-02-12 02:18:20	87dc1e131a1369fdf8f1c824a6a62dff	\N	\N	\N	\N
624	user624	user624@user.com	\N	2011-12-28 01:17:20	2012-01-27 01:17:20	user	t	\N	87dc1e131a1369fdf8f1c824a6a62dff	\N	\N	\N	\N
625	user625	user625@user.com	\N	2011-12-27 00:16:20	\N	user	t	2012-02-10 00:16:20	87dc1e131a1369fdf8f1c824a6a62dff	\N	\N	\N	\N
626	user626	user626@user.com	\N	2011-12-25 23:15:20	2012-01-24 23:15:20	user	t	2012-02-08 23:15:20	87dc1e131a1369fdf8f1c824a6a62dff	\N	\N	\N	\N
627	user627	user627@user.com	\N	2011-12-24 22:14:20	2012-01-23 22:14:20	user	t	\N	87dc1e131a1369fdf8f1c824a6a62dff	\N	\N	\N	\N
628	user628	user628@user.com	\N	2011-12-23 21:13:20	2012-01-22 21:13:20	user	t	2012-02-06 21:13:20	87dc1e131a1369fdf8f1c824a6a62dff	\N	\N	\N	\N
629	user629	user629@user.com	\N	2011-12-22 20:12:20	2012-01-21 20:12:20	user	t	2012-02-05 20:12:20	87dc1e131a1369fdf8f1c824a6a62dff	\N	\N	\N	\N
630	user630	user630@user.com	\N	2011-12-21 19:11:20	\N	user	t	\N	87dc1e131a1369fdf8f1c824a6a62dff	\N	\N	\N	\N
631	user631	user631@user.com	\N	2011-12-20 18:10:20	2012-01-19 18:10:20	user	t	2012-02-03 18:10:20	87dc1e131a1369fdf8f1c824a6a62dff	\N	\N	\N	\N
632	user632	user632@user.com	\N	2011-12-19 17:09:20	2012-01-18 17:09:20	user	t	2012-02-02 17:09:20	87dc1e131a1369fdf8f1c824a6a62dff	\N	\N	\N	\N
633	user633	user633@user.com	\N	2011-12-18 16:08:20	2012-01-17 16:08:20	user	t	\N	87dc1e131a1369fdf8f1c824a6a62dff	\N	\N	\N	\N
634	user634	user634@user.com	\N	2011-12-17 15:07:20	2012-01-16 15:07:20	user	t	2012-01-31 15:07:20	87dc1e131a1369fdf8f1c824a6a62dff	\N	\N	\N	\N
635	user635	user635@user.com	\N	2011-12-16 14:06:20	\N	user	t	2012-01-30 14:06:20	87dc1e131a1369fdf8f1c824a6a62dff	\N	\N	\N	\N
636	user636	user636@user.com	\N	2011-12-15 13:05:20	2012-01-14 13:05:20	user	t	\N	87dc1e131a1369fdf8f1c824a6a62dff	\N	\N	\N	\N
637	user637	user637@user.com	\N	2011-12-14 12:04:20	2012-01-13 12:04:20	user	t	2012-01-28 12:04:20	87dc1e131a1369fdf8f1c824a6a62dff	\N	\N	\N	\N
638	user638	user638@user.com	\N	2011-12-13 11:03:20	2012-01-12 11:03:20	user	t	2012-01-27 11:03:20	87dc1e131a1369fdf8f1c824a6a62dff	\N	\N	\N	\N
639	user639	user639@user.com	\N	2011-12-12 10:02:20	2012-01-11 10:02:20	user	t	\N	87dc1e131a1369fdf8f1c824a6a62dff	\N	\N	\N	\N
640	user640	user640@user.com	\N	2011-12-11 09:01:20	\N	user	t	2012-01-25 09:01:20	87dc1e131a1369fdf8f1c824a6a62dff	\N	\N	\N	\N
641	user641	user641@user.com	\N	2011-12-10 08:00:20	2012-01-09 08:00:20	user	t	2012-01-24 08:00:20	87dc1e131a1369fdf8f1c824a6a62dff	\N	\N	\N	\N
642	user642	user642@user.com	\N	2011-12-09 06:59:20	2012-01-08 06:59:20	user	t	\N	87dc1e131a1369fdf8f1c824a6a62dff	\N	\N	\N	\N
643	user643	user643@user.com	\N	2011-12-08 05:58:20	2012-01-07 05:58:20	user	t	2012-01-22 05:58:20	87dc1e131a1369fdf8f1c824a6a62dff	\N	\N	\N	\N
644	user644	user644@user.com	\N	2011-12-07 04:57:20	2012-01-06 04:57:20	user	t	2012-01-21 04:57:20	87dc1e131a1369fdf8f1c824a6a62dff	\N	\N	\N	\N
645	user645	user645@user.com	\N	2011-12-06 03:56:20	\N	user	t	\N	87dc1e131a1369fdf8f1c824a6a62dff	\N	\N	\N	\N
646	user646	user646@user.com	\N	2011-12-05 02:55:20	2012-01-04 02:55:20	user	t	2012-01-19 02:55:20	87dc1e131a1369fdf8f1c824a6a62dff	\N	\N	\N	\N
647	user647	user647@user.com	\N	2011-12-04 01:54:20	2012-01-03 01:54:20	user	t	2012-01-18 01:54:20	87dc1e131a1369fdf8f1c824a6a62dff	\N	\N	\N	\N
648	user648	user648@user.com	\N	2011-12-03 00:53:20	2012-01-02 00:53:20	user	t	\N	87dc1e131a1369fdf8f1c824a6a62dff	\N	\N	\N	\N
649	user649	user649@user.com	\N	2011-12-01 23:52:20	2011-12-31 23:52:20	user	t	2012-01-15 23:52:20	87dc1e131a1369fdf8f1c824a6a62dff	\N	\N	\N	\N
650	user650	user650@user.com	\N	2011-11-30 22:51:20	\N	user	t	2012-01-14 22:51:20	87dc1e131a1369fdf8f1c824a6a62dff	\N	\N	\N	\N
651	user651	user651@user.com	\N	2011-11-29 21:50:20	2011-12-29 21:50:20	user	t	\N	87dc1e131a1369fdf8f1c824a6a62dff	\N	\N	\N	\N
652	user652	user652@user.com	\N	2011-11-28 20:49:20	2011-12-28 20:49:20	user	t	2012-01-12 20:49:20	87dc1e131a1369fdf8f1c824a6a62dff	\N	\N	\N	\N
653	user653	user653@user.com	\N	2011-11-27 19:48:20	2011-12-27 19:48:20	user	t	2012-01-11 19:48:20	87dc1e131a1369fdf8f1c824a6a62dff	\N	\N	\N	\N
654	user654	user654@user.com	\N	2011-11-26 18:47:20	2011-12-26 18:47:20	user	t	\N	87dc1e131a1369fdf8f1c824a6a62dff	\N	\N	\N	\N
655	user655	user655@user.com	\N	2011-11-25 17:46:20	\N	user	t	2012-01-09 17:46:20	87dc1e131a1369fdf8f1c824a6a62dff	\N	\N	\N	\N
656	user656	user656@user.com	\N	2011-11-24 16:45:20	2011-12-24 16:45:20	user	t	2012-01-08 16:45:20	87dc1e131a1369fdf8f1c824a6a62dff	\N	\N	\N	\N
657	user657	user657@user.com	\N	2011-11-23 15:44:20	2011-12-23 15:44:20	user	t	\N	87dc1e131a1369fdf8f1c824a6a62dff	\N	\N	\N	\N
658	user658	user658@user.com	\N	2011-11-22 14:43:20	2011-12-22 14:43:20	user	t	2012-01-06 14:43:20	87dc1e131a1369fdf8f1c824a6a62dff	\N	\N	\N	\N
659	user659	user659@user.com	\N	2011-11-21 13:42:20	2011-12-21 13:42:20	user	t	2012-01-05 13:42:20	87dc1e131a1369fdf8f1c824a6a62dff	\N	\N	\N	\N
660	user660	user660@user.com	\N	2011-11-20 12:41:20	\N	user	t	\N	87dc1e131a1369fdf8f1c824a6a62dff	\N	\N	\N	\N
661	user661	user661@user.com	\N	2011-11-19 11:40:20	2011-12-19 11:40:20	user	t	2012-01-03 11:40:20	87dc1e131a1369fdf8f1c824a6a62dff	\N	\N	\N	\N
662	user662	user662@user.com	\N	2011-11-18 10:39:20	2011-12-18 10:39:20	user	t	2012-01-02 10:39:20	87dc1e131a1369fdf8f1c824a6a62dff	\N	\N	\N	\N
663	user663	user663@user.com	\N	2011-11-17 09:38:20	2011-12-17 09:38:20	user	t	\N	87dc1e131a1369fdf8f1c824a6a62dff	\N	\N	\N	\N
664	user664	user664@user.com	\N	2011-11-16 08:37:20	2011-12-16 08:37:20	user	t	2011-12-31 08:37:20	87dc1e131a1369fdf8f1c824a6a62dff	\N	\N	\N	\N
665	user665	user665@user.com	\N	2011-11-15 07:36:20	\N	user	t	2011-12-30 07:36:20	87dc1e131a1369fdf8f1c824a6a62dff	\N	\N	\N	\N
666	user666	user666@user.com	\N	2011-11-14 06:35:20	2011-12-14 06:35:20	user	t	\N	87dc1e131a1369fdf8f1c824a6a62dff	\N	\N	\N	\N
667	user667	user667@user.com	\N	2011-11-13 05:34:20	2011-12-13 05:34:20	user	t	2011-12-28 05:34:20	87dc1e131a1369fdf8f1c824a6a62dff	\N	\N	\N	\N
668	user668	user668@user.com	\N	2011-11-12 04:33:20	2011-12-12 04:33:20	user	t	2011-12-27 04:33:20	87dc1e131a1369fdf8f1c824a6a62dff	\N	\N	\N	\N
669	user669	user669@user.com	\N	2011-11-11 03:32:20	2011-12-11 03:32:20	user	t	\N	87dc1e131a1369fdf8f1c824a6a62dff	\N	\N	\N	\N
670	user670	user670@user.com	\N	2011-11-10 02:31:20	\N	user	t	2011-12-25 02:31:20	87dc1e131a1369fdf8f1c824a6a62dff	\N	\N	\N	\N
671	user671	user671@user.com	\N	2011-11-09 01:30:20	2011-12-09 01:30:20	user	t	2011-12-24 01:30:20	87dc1e131a1369fdf8f1c824a6a62dff	\N	\N	\N	\N
672	user672	user672@user.com	\N	2011-11-08 00:29:20	2011-12-08 00:29:20	user	t	\N	87dc1e131a1369fdf8f1c824a6a62dff	\N	\N	\N	\N
673	user673	user673@user.com	\N	2011-11-06 23:28:20	2011-12-06 23:28:20	user	t	2011-12-21 23:28:20	87dc1e131a1369fdf8f1c824a6a62dff	\N	\N	\N	\N
674	user674	user674@user.com	\N	2011-11-05 22:27:20	2011-12-05 22:27:20	user	t	2011-12-20 22:27:20	87dc1e131a1369fdf8f1c824a6a62dff	\N	\N	\N	\N
675	user675	user675@user.com	\N	2011-11-04 21:26:20	\N	user	t	\N	87dc1e131a1369fdf8f1c824a6a62dff	\N	\N	\N	\N
676	user676	user676@user.com	\N	2011-11-03 20:25:20	2011-12-03 20:25:20	user	t	2011-12-18 20:25:20	87dc1e131a1369fdf8f1c824a6a62dff	\N	\N	\N	\N
677	user677	user677@user.com	\N	2011-11-02 19:24:20	2011-12-02 19:24:20	user	t	2011-12-17 19:24:20	87dc1e131a1369fdf8f1c824a6a62dff	\N	\N	\N	\N
678	user678	user678@user.com	\N	2011-11-01 18:23:20	2011-12-01 18:23:20	user	t	\N	87dc1e131a1369fdf8f1c824a6a62dff	\N	\N	\N	\N
679	user679	user679@user.com	\N	2011-10-31 17:22:20	2011-11-30 17:22:20	user	t	2011-12-15 17:22:20	87dc1e131a1369fdf8f1c824a6a62dff	\N	\N	\N	\N
680	user680	user680@user.com	\N	2011-10-30 16:21:20	\N	user	t	2011-12-14 16:21:20	87dc1e131a1369fdf8f1c824a6a62dff	\N	\N	\N	\N
681	user681	user681@user.com	\N	2011-10-29 15:20:20	2011-11-28 15:20:20	user	t	\N	87dc1e131a1369fdf8f1c824a6a62dff	\N	\N	\N	\N
682	user682	user682@user.com	\N	2011-10-28 14:19:20	2011-11-27 14:19:20	user	t	2011-12-12 14:19:20	87dc1e131a1369fdf8f1c824a6a62dff	\N	\N	\N	\N
683	user683	user683@user.com	\N	2011-10-27 13:18:20	2011-11-26 13:18:20	user	t	2011-12-11 13:18:20	87dc1e131a1369fdf8f1c824a6a62dff	\N	\N	\N	\N
684	user684	user684@user.com	\N	2011-10-26 12:17:20	2011-11-25 12:17:20	user	t	\N	87dc1e131a1369fdf8f1c824a6a62dff	\N	\N	\N	\N
685	user685	user685@user.com	\N	2011-10-25 11:16:20	\N	user	t	2011-12-09 11:16:20	87dc1e131a1369fdf8f1c824a6a62dff	\N	\N	\N	\N
686	user686	user686@user.com	\N	2011-10-24 10:15:20	2011-11-23 10:15:20	user	t	2011-12-08 10:15:20	87dc1e131a1369fdf8f1c824a6a62dff	\N	\N	\N	\N
687	user687	user687@user.com	\N	2011-10-23 09:14:20	2011-11-22 09:14:20	user	t	\N	87dc1e131a1369fdf8f1c824a6a62dff	\N	\N	\N	\N
688	user688	user688@user.com	\N	2011-10-22 08:13:20	2011-11-21 08:13:20	user	t	2011-12-06 08:13:20	87dc1e131a1369fdf8f1c824a6a62dff	\N	\N	\N	\N
689	user689	user689@user.com	\N	2011-10-21 07:12:20	2011-11-20 07:12:20	user	t	2011-12-05 07:12:20	87dc1e131a1369fdf8f1c824a6a62dff	\N	\N	\N	\N
690	user690	user690@user.com	\N	2011-10-20 06:11:20	\N	user	t	\N	87dc1e131a1369fdf8f1c824a6a62dff	\N	\N	\N	\N
691	user691	user691@user.com	\N	2011-10-19 05:10:20	2011-11-18 05:10:20	user	t	2011-12-03 05:10:20	87dc1e131a1369fdf8f1c824a6a62dff	\N	\N	\N	\N
692	user692	user692@user.com	\N	2011-10-18 04:09:20	2011-11-17 04:09:20	user	t	2011-12-02 04:09:20	87dc1e131a1369fdf8f1c824a6a62dff	\N	\N	\N	\N
693	user693	user693@user.com	\N	2011-10-17 03:08:20	2011-11-16 03:08:20	user	t	\N	87dc1e131a1369fdf8f1c824a6a62dff	\N	\N	\N	\N
694	user694	user694@user.com	\N	2011-10-16 02:07:20	2011-11-15 02:07:20	user	t	2011-11-30 02:07:20	87dc1e131a1369fdf8f1c824a6a62dff	\N	\N	\N	\N
695	user695	user695@user.com	\N	2011-10-15 01:06:20	\N	user	t	2011-11-29 01:06:20	87dc1e131a1369fdf8f1c824a6a62dff	\N	\N	\N	\N
696	user696	user696@user.com	\N	2011-10-14 00:05:20	2011-11-13 00:05:20	user	t	\N	87dc1e131a1369fdf8f1c824a6a62dff	\N	\N	\N	\N
697	user697	user697@user.com	\N	2011-10-12 23:04:20	2011-11-11 23:04:20	user	t	2011-11-26 23:04:20	87dc1e131a1369fdf8f1c824a6a62dff	\N	\N	\N	\N
698	user698	user698@user.com	\N	2011-10-11 22:03:20	2011-11-10 22:03:20	user	t	2011-11-25 22:03:20	87dc1e131a1369fdf8f1c824a6a62dff	\N	\N	\N	\N
699	user699	user699@user.com	\N	2011-10-10 21:02:20	2011-11-09 21:02:20	user	t	\N	87dc1e131a1369fdf8f1c824a6a62dff	\N	\N	\N	\N
700	user700	user700@user.com	\N	2011-10-09 20:01:20	\N	user	t	2011-11-23 20:01:20	87dc1e131a1369fdf8f1c824a6a62dff	\N	\N	\N	\N
701	user701	user701@user.com	\N	2011-10-08 19:00:20	2011-11-07 19:00:20	user	t	2011-11-22 19:00:20	87dc1e131a1369fdf8f1c824a6a62dff	\N	\N	\N	\N
702	user702	user702@user.com	\N	2011-10-07 17:59:20	2011-11-06 17:59:20	user	t	\N	87dc1e131a1369fdf8f1c824a6a62dff	\N	\N	\N	\N
703	user703	user703@user.com	\N	2011-10-06 16:58:20	2011-11-05 16:58:20	user	t	2011-11-20 16:58:20	87dc1e131a1369fdf8f1c824a6a62dff	\N	\N	\N	\N
704	user704	user704@user.com	\N	2011-10-05 15:57:20	2011-11-04 15:57:20	user	t	2011-11-19 15:57:20	87dc1e131a1369fdf8f1c824a6a62dff	\N	\N	\N	\N
705	user705	user705@user.com	\N	2011-10-04 14:56:20	\N	user	t	\N	87dc1e131a1369fdf8f1c824a6a62dff	\N	\N	\N	\N
706	user706	user706@user.com	\N	2011-10-03 13:55:20	2011-11-02 13:55:20	user	t	2011-11-17 13:55:20	87dc1e131a1369fdf8f1c824a6a62dff	\N	\N	\N	\N
707	user707	user707@user.com	\N	2011-10-02 12:54:20	2011-11-01 12:54:20	user	t	2011-11-16 12:54:20	87dc1e131a1369fdf8f1c824a6a62dff	\N	\N	\N	\N
708	user708	user708@user.com	\N	2011-10-01 11:53:20	2011-10-31 11:53:20	user	t	\N	87dc1e131a1369fdf8f1c824a6a62dff	\N	\N	\N	\N
709	user709	user709@user.com	\N	2011-09-30 10:52:20	2011-10-30 10:52:20	user	t	2011-11-14 10:52:20	87dc1e131a1369fdf8f1c824a6a62dff	\N	\N	\N	\N
710	user710	user710@user.com	\N	2011-09-29 09:51:20	\N	user	t	2011-11-13 09:51:20	87dc1e131a1369fdf8f1c824a6a62dff	\N	\N	\N	\N
711	user711	user711@user.com	\N	2011-09-28 08:50:20	2011-10-28 08:50:20	user	t	\N	87dc1e131a1369fdf8f1c824a6a62dff	\N	\N	\N	\N
712	user712	user712@user.com	\N	2011-09-27 07:49:20	2011-10-27 07:49:20	user	t	2011-11-11 07:49:20	87dc1e131a1369fdf8f1c824a6a62dff	\N	\N	\N	\N
713	user713	user713@user.com	\N	2011-09-26 06:48:20	2011-10-26 06:48:20	user	t	2011-11-10 06:48:20	87dc1e131a1369fdf8f1c824a6a62dff	\N	\N	\N	\N
714	user714	user714@user.com	\N	2011-09-25 05:47:20	2011-10-25 05:47:20	user	t	\N	87dc1e131a1369fdf8f1c824a6a62dff	\N	\N	\N	\N
715	user715	user715@user.com	\N	2011-09-24 04:46:20	\N	user	t	2011-11-08 04:46:20	87dc1e131a1369fdf8f1c824a6a62dff	\N	\N	\N	\N
716	user716	user716@user.com	\N	2011-09-23 03:45:20	2011-10-23 03:45:20	user	t	2011-11-07 03:45:20	87dc1e131a1369fdf8f1c824a6a62dff	\N	\N	\N	\N
717	user717	user717@user.com	\N	2011-09-22 02:44:20	2011-10-22 02:44:20	user	t	\N	87dc1e131a1369fdf8f1c824a6a62dff	\N	\N	\N	\N
718	user718	user718@user.com	\N	2011-09-21 01:43:20	2011-10-21 01:43:20	user	t	2011-11-05 01:43:20	87dc1e131a1369fdf8f1c824a6a62dff	\N	\N	\N	\N
719	user719	user719@user.com	\N	2011-09-20 00:42:20	2011-10-20 00:42:20	user	t	2011-11-04 00:42:20	87dc1e131a1369fdf8f1c824a6a62dff	\N	\N	\N	\N
720	user720	user720@user.com	\N	2011-09-18 23:41:20	\N	user	t	\N	87dc1e131a1369fdf8f1c824a6a62dff	\N	\N	\N	\N
721	user721	user721@user.com	\N	2011-09-17 22:40:20	2011-10-17 22:40:20	user	t	2011-11-01 22:40:20	87dc1e131a1369fdf8f1c824a6a62dff	\N	\N	\N	\N
722	user722	user722@user.com	\N	2011-09-16 21:39:20	2011-10-16 21:39:20	user	t	2011-10-31 21:39:20	87dc1e131a1369fdf8f1c824a6a62dff	\N	\N	\N	\N
723	user723	user723@user.com	\N	2011-09-15 20:38:20	2011-10-15 20:38:20	user	t	\N	87dc1e131a1369fdf8f1c824a6a62dff	\N	\N	\N	\N
724	user724	user724@user.com	\N	2011-09-14 19:37:20	2011-10-14 19:37:20	user	t	2011-10-29 19:37:20	87dc1e131a1369fdf8f1c824a6a62dff	\N	\N	\N	\N
725	user725	user725@user.com	\N	2011-09-13 18:36:20	\N	user	t	2011-10-28 18:36:20	87dc1e131a1369fdf8f1c824a6a62dff	\N	\N	\N	\N
726	user726	user726@user.com	\N	2011-09-12 17:35:20	2011-10-12 17:35:20	user	t	\N	87dc1e131a1369fdf8f1c824a6a62dff	\N	\N	\N	\N
727	user727	user727@user.com	\N	2011-09-11 16:34:20	2011-10-11 16:34:20	user	t	2011-10-26 16:34:20	87dc1e131a1369fdf8f1c824a6a62dff	\N	\N	\N	\N
728	user728	user728@user.com	\N	2011-09-10 15:33:20	2011-10-10 15:33:20	user	t	2011-10-25 15:33:20	87dc1e131a1369fdf8f1c824a6a62dff	\N	\N	\N	\N
729	user729	user729@user.com	\N	2011-09-09 14:32:20	2011-10-09 14:32:20	user	t	\N	87dc1e131a1369fdf8f1c824a6a62dff	\N	\N	\N	\N
730	user730	user730@user.com	\N	2011-09-08 13:31:20	\N	user	t	2011-10-23 13:31:20	87dc1e131a1369fdf8f1c824a6a62dff	\N	\N	\N	\N
731	user731	user731@user.com	\N	2011-09-07 12:30:20	2011-10-07 12:30:20	user	t	2011-10-22 12:30:20	87dc1e131a1369fdf8f1c824a6a62dff	\N	\N	\N	\N
732	user732	user732@user.com	\N	2011-09-06 11:29:20	2011-10-06 11:29:20	user	t	\N	87dc1e131a1369fdf8f1c824a6a62dff	\N	\N	\N	\N
733	user733	user733@user.com	\N	2011-09-05 10:28:20	2011-10-05 10:28:20	user	t	2011-10-20 10:28:20	87dc1e131a1369fdf8f1c824a6a62dff	\N	\N	\N	\N
734	user734	user734@user.com	\N	2011-09-04 09:27:20	2011-10-04 09:27:20	user	t	2011-10-19 09:27:20	87dc1e131a1369fdf8f1c824a6a62dff	\N	\N	\N	\N
735	user735	user735@user.com	\N	2011-09-03 08:26:20	\N	user	t	\N	87dc1e131a1369fdf8f1c824a6a62dff	\N	\N	\N	\N
736	user736	user736@user.com	\N	2011-09-02 07:25:20	2011-10-02 07:25:20	user	t	2011-10-17 07:25:20	87dc1e131a1369fdf8f1c824a6a62dff	\N	\N	\N	\N
737	user737	user737@user.com	\N	2011-09-01 06:24:20	2011-10-01 06:24:20	user	t	2011-10-16 06:24:20	87dc1e131a1369fdf8f1c824a6a62dff	\N	\N	\N	\N
738	user738	user738@user.com	\N	2011-08-31 05:23:20	2011-09-30 05:23:20	user	t	\N	87dc1e131a1369fdf8f1c824a6a62dff	\N	\N	\N	\N
739	user739	user739@user.com	\N	2011-08-30 04:22:20	2011-09-29 04:22:20	user	t	2011-10-14 04:22:20	87dc1e131a1369fdf8f1c824a6a62dff	\N	\N	\N	\N
740	user740	user740@user.com	\N	2011-08-29 03:21:20	\N	user	t	2011-10-13 03:21:20	87dc1e131a1369fdf8f1c824a6a62dff	\N	\N	\N	\N
741	user741	user741@user.com	\N	2011-08-28 02:20:20	2011-09-27 02:20:20	user	t	\N	87dc1e131a1369fdf8f1c824a6a62dff	\N	\N	\N	\N
742	user742	user742@user.com	\N	2011-08-27 01:19:20	2011-09-26 01:19:20	user	t	2011-10-11 01:19:20	87dc1e131a1369fdf8f1c824a6a62dff	\N	\N	\N	\N
743	user743	user743@user.com	\N	2011-08-26 00:18:20	2011-09-25 00:18:20	user	t	2011-10-10 00:18:20	87dc1e131a1369fdf8f1c824a6a62dff	\N	\N	\N	\N
744	user744	user744@user.com	\N	2011-08-24 23:17:20	2011-09-23 23:17:20	user	t	\N	87dc1e131a1369fdf8f1c824a6a62dff	\N	\N	\N	\N
745	user745	user745@user.com	\N	2011-08-23 22:16:20	\N	user	t	2011-10-07 22:16:20	87dc1e131a1369fdf8f1c824a6a62dff	\N	\N	\N	\N
746	user746	user746@user.com	\N	2011-08-22 21:15:20	2011-09-21 21:15:20	user	t	2011-10-06 21:15:20	87dc1e131a1369fdf8f1c824a6a62dff	\N	\N	\N	\N
747	user747	user747@user.com	\N	2011-08-21 20:14:20	2011-09-20 20:14:20	user	t	\N	87dc1e131a1369fdf8f1c824a6a62dff	\N	\N	\N	\N
748	user748	user748@user.com	\N	2011-08-20 19:13:20	2011-09-19 19:13:20	user	t	2011-10-04 19:13:20	87dc1e131a1369fdf8f1c824a6a62dff	\N	\N	\N	\N
749	user749	user749@user.com	\N	2011-08-19 18:12:20	2011-09-18 18:12:20	user	t	2011-10-03 18:12:20	87dc1e131a1369fdf8f1c824a6a62dff	\N	\N	\N	\N
750	user750	user750@user.com	\N	2011-08-18 17:11:20	\N	user	t	\N	87dc1e131a1369fdf8f1c824a6a62dff	\N	\N	\N	\N
751	user751	user751@user.com	\N	2011-08-17 16:10:20	2011-09-16 16:10:20	user	t	2011-10-01 16:10:20	87dc1e131a1369fdf8f1c824a6a62dff	\N	\N	\N	\N
752	user752	user752@user.com	\N	2011-08-16 15:09:20	2011-09-15 15:09:20	user	t	2011-09-30 15:09:20	87dc1e131a1369fdf8f1c824a6a62dff	\N	\N	\N	\N
753	user753	user753@user.com	\N	2011-08-15 14:08:20	2011-09-14 14:08:20	user	t	\N	87dc1e131a1369fdf8f1c824a6a62dff	\N	\N	\N	\N
754	user754	user754@user.com	\N	2011-08-14 13:07:20	2011-09-13 13:07:20	user	t	2011-09-28 13:07:20	87dc1e131a1369fdf8f1c824a6a62dff	\N	\N	\N	\N
755	user755	user755@user.com	\N	2011-08-13 12:06:20	\N	user	t	2011-09-27 12:06:20	87dc1e131a1369fdf8f1c824a6a62dff	\N	\N	\N	\N
756	user756	user756@user.com	\N	2011-08-12 11:05:20	2011-09-11 11:05:20	user	t	\N	87dc1e131a1369fdf8f1c824a6a62dff	\N	\N	\N	\N
757	user757	user757@user.com	\N	2011-08-11 10:04:20	2011-09-10 10:04:20	user	t	2011-09-25 10:04:20	87dc1e131a1369fdf8f1c824a6a62dff	\N	\N	\N	\N
758	user758	user758@user.com	\N	2011-08-10 09:03:20	2011-09-09 09:03:20	user	t	2011-09-24 09:03:20	87dc1e131a1369fdf8f1c824a6a62dff	\N	\N	\N	\N
759	user759	user759@user.com	\N	2011-08-09 08:02:20	2011-09-08 08:02:20	user	t	\N	87dc1e131a1369fdf8f1c824a6a62dff	\N	\N	\N	\N
760	user760	user760@user.com	\N	2011-08-08 07:01:20	\N	user	t	2011-09-22 07:01:20	87dc1e131a1369fdf8f1c824a6a62dff	\N	\N	\N	\N
761	user761	user761@user.com	\N	2011-08-07 06:00:20	2011-09-06 06:00:20	user	t	2011-09-21 06:00:20	87dc1e131a1369fdf8f1c824a6a62dff	\N	\N	\N	\N
762	user762	user762@user.com	\N	2011-08-06 04:59:20	2011-09-05 04:59:20	user	t	\N	87dc1e131a1369fdf8f1c824a6a62dff	\N	\N	\N	\N
763	user763	user763@user.com	\N	2011-08-05 03:58:20	2011-09-04 03:58:20	user	t	2011-09-19 03:58:20	87dc1e131a1369fdf8f1c824a6a62dff	\N	\N	\N	\N
764	user764	user764@user.com	\N	2011-08-04 02:57:20	2011-09-03 02:57:20	user	t	2011-09-18 02:57:20	87dc1e131a1369fdf8f1c824a6a62dff	\N	\N	\N	\N
765	user765	user765@user.com	\N	2011-08-03 01:56:20	\N	user	t	\N	87dc1e131a1369fdf8f1c824a6a62dff	\N	\N	\N	\N
766	user766	user766@user.com	\N	2011-08-02 00:55:20	2011-09-01 00:55:20	user	t	2011-09-16 00:55:20	87dc1e131a1369fdf8f1c824a6a62dff	\N	\N	\N	\N
767	user767	user767@user.com	\N	2011-07-31 23:54:20	2011-08-30 23:54:20	user	t	2011-09-14 23:54:20	87dc1e131a1369fdf8f1c824a6a62dff	\N	\N	\N	\N
768	user768	user768@user.com	\N	2011-07-30 22:53:20	2011-08-29 22:53:20	user	t	\N	87dc1e131a1369fdf8f1c824a6a62dff	\N	\N	\N	\N
769	user769	user769@user.com	\N	2011-07-29 21:52:20	2011-08-28 21:52:20	user	t	2011-09-12 21:52:20	87dc1e131a1369fdf8f1c824a6a62dff	\N	\N	\N	\N
770	user770	user770@user.com	\N	2011-07-28 20:51:20	\N	user	t	2011-09-11 20:51:20	87dc1e131a1369fdf8f1c824a6a62dff	\N	\N	\N	\N
771	user771	user771@user.com	\N	2011-07-27 19:50:20	2011-08-26 19:50:20	user	t	\N	87dc1e131a1369fdf8f1c824a6a62dff	\N	\N	\N	\N
772	user772	user772@user.com	\N	2011-07-26 18:49:20	2011-08-25 18:49:20	user	t	2011-09-09 18:49:20	87dc1e131a1369fdf8f1c824a6a62dff	\N	\N	\N	\N
773	user773	user773@user.com	\N	2011-07-25 17:48:20	2011-08-24 17:48:20	user	t	2011-09-08 17:48:20	87dc1e131a1369fdf8f1c824a6a62dff	\N	\N	\N	\N
774	user774	user774@user.com	\N	2011-07-24 16:47:20	2011-08-23 16:47:20	user	t	\N	87dc1e131a1369fdf8f1c824a6a62dff	\N	\N	\N	\N
775	user775	user775@user.com	\N	2011-07-23 15:46:20	\N	user	t	2011-09-06 15:46:20	87dc1e131a1369fdf8f1c824a6a62dff	\N	\N	\N	\N
776	user776	user776@user.com	\N	2011-07-22 14:45:20	2011-08-21 14:45:20	user	t	2011-09-05 14:45:20	87dc1e131a1369fdf8f1c824a6a62dff	\N	\N	\N	\N
777	user777	user777@user.com	\N	2011-07-21 13:44:20	2011-08-20 13:44:20	user	t	\N	87dc1e131a1369fdf8f1c824a6a62dff	\N	\N	\N	\N
778	user778	user778@user.com	\N	2011-07-20 12:43:20	2011-08-19 12:43:20	user	t	2011-09-03 12:43:20	87dc1e131a1369fdf8f1c824a6a62dff	\N	\N	\N	\N
779	user779	user779@user.com	\N	2011-07-19 11:42:20	2011-08-18 11:42:20	user	t	2011-09-02 11:42:20	87dc1e131a1369fdf8f1c824a6a62dff	\N	\N	\N	\N
780	user780	user780@user.com	\N	2011-07-18 10:41:20	\N	user	t	\N	87dc1e131a1369fdf8f1c824a6a62dff	\N	\N	\N	\N
781	user781	user781@user.com	\N	2011-07-17 09:40:20	2011-08-16 09:40:20	user	t	2011-08-31 09:40:20	87dc1e131a1369fdf8f1c824a6a62dff	\N	\N	\N	\N
782	user782	user782@user.com	\N	2011-07-16 08:39:20	2011-08-15 08:39:20	user	t	2011-08-30 08:39:20	87dc1e131a1369fdf8f1c824a6a62dff	\N	\N	\N	\N
783	user783	user783@user.com	\N	2011-07-15 07:38:20	2011-08-14 07:38:20	user	t	\N	87dc1e131a1369fdf8f1c824a6a62dff	\N	\N	\N	\N
784	user784	user784@user.com	\N	2011-07-14 06:37:20	2011-08-13 06:37:20	user	t	2011-08-28 06:37:20	87dc1e131a1369fdf8f1c824a6a62dff	\N	\N	\N	\N
785	user785	user785@user.com	\N	2011-07-13 05:36:20	\N	user	t	2011-08-27 05:36:20	87dc1e131a1369fdf8f1c824a6a62dff	\N	\N	\N	\N
786	user786	user786@user.com	\N	2011-07-12 04:35:20	2011-08-11 04:35:20	user	t	\N	87dc1e131a1369fdf8f1c824a6a62dff	\N	\N	\N	\N
787	user787	user787@user.com	\N	2011-07-11 03:34:20	2011-08-10 03:34:20	user	t	2011-08-25 03:34:20	87dc1e131a1369fdf8f1c824a6a62dff	\N	\N	\N	\N
788	user788	user788@user.com	\N	2011-07-10 02:33:20	2011-08-09 02:33:20	user	t	2011-08-24 02:33:20	87dc1e131a1369fdf8f1c824a6a62dff	\N	\N	\N	\N
789	user789	user789@user.com	\N	2011-07-09 01:32:20	2011-08-08 01:32:20	user	t	\N	87dc1e131a1369fdf8f1c824a6a62dff	\N	\N	\N	\N
790	user790	user790@user.com	\N	2011-07-08 00:31:20	\N	user	t	2011-08-22 00:31:20	87dc1e131a1369fdf8f1c824a6a62dff	\N	\N	\N	\N
791	user791	user791@user.com	\N	2011-07-06 23:30:20	2011-08-05 23:30:20	user	t	2011-08-20 23:30:20	87dc1e131a1369fdf8f1c824a6a62dff	\N	\N	\N	\N
792	user792	user792@user.com	\N	2011-07-05 22:29:20	2011-08-04 22:29:20	user	t	\N	87dc1e131a1369fdf8f1c824a6a62dff	\N	\N	\N	\N
793	user793	user793@user.com	\N	2011-07-04 21:28:20	2011-08-03 21:28:20	user	t	2011-08-18 21:28:20	87dc1e131a1369fdf8f1c824a6a62dff	\N	\N	\N	\N
794	user794	user794@user.com	\N	2011-07-03 20:27:20	2011-08-02 20:27:20	user	t	2011-08-17 20:27:20	87dc1e131a1369fdf8f1c824a6a62dff	\N	\N	\N	\N
795	user795	user795@user.com	\N	2011-07-02 19:26:20	\N	user	t	\N	87dc1e131a1369fdf8f1c824a6a62dff	\N	\N	\N	\N
796	user796	user796@user.com	\N	2011-07-01 18:25:20	2011-07-31 18:25:20	user	t	2011-08-15 18:25:20	87dc1e131a1369fdf8f1c824a6a62dff	\N	\N	\N	\N
797	user797	user797@user.com	\N	2011-06-30 17:24:20	2011-07-30 17:24:20	user	t	2011-08-14 17:24:20	87dc1e131a1369fdf8f1c824a6a62dff	\N	\N	\N	\N
798	user798	user798@user.com	\N	2011-06-29 16:23:20	2011-07-29 16:23:20	user	t	\N	87dc1e131a1369fdf8f1c824a6a62dff	\N	\N	\N	\N
799	user799	user799@user.com	\N	2011-06-28 15:22:20	2011-07-28 15:22:20	user	t	2011-08-12 15:22:20	87dc1e131a1369fdf8f1c824a6a62dff	\N	\N	\N	\N
800	user800	user800@user.com	\N	2011-06-27 14:21:20	\N	user	t	2011-08-11 14:21:20	87dc1e131a1369fdf8f1c824a6a62dff	\N	\N	\N	\N
801	user801	user801@user.com	\N	2011-06-26 13:20:20	2011-07-26 13:20:20	user	t	\N	87dc1e131a1369fdf8f1c824a6a62dff	\N	\N	\N	\N
802	user802	user802@user.com	\N	2011-06-25 12:19:20	2011-07-25 12:19:20	user	t	2011-08-09 12:19:20	87dc1e131a1369fdf8f1c824a6a62dff	\N	\N	\N	\N
803	user803	user803@user.com	\N	2011-06-24 11:18:20	2011-07-24 11:18:20	user	t	2011-08-08 11:18:20	87dc1e131a1369fdf8f1c824a6a62dff	\N	\N	\N	\N
804	user804	user804@user.com	\N	2011-06-23 10:17:20	2011-07-23 10:17:20	user	t	\N	87dc1e131a1369fdf8f1c824a6a62dff	\N	\N	\N	\N
805	user805	user805@user.com	\N	2011-06-22 09:16:20	\N	user	t	2011-08-06 09:16:20	87dc1e131a1369fdf8f1c824a6a62dff	\N	\N	\N	\N
806	user806	user806@user.com	\N	2011-06-21 08:15:20	2011-07-21 08:15:20	user	t	2011-08-05 08:15:20	87dc1e131a1369fdf8f1c824a6a62dff	\N	\N	\N	\N
807	user807	user807@user.com	\N	2011-06-20 07:14:20	2011-07-20 07:14:20	user	t	\N	87dc1e131a1369fdf8f1c824a6a62dff	\N	\N	\N	\N
808	user808	user808@user.com	\N	2011-06-19 06:13:20	2011-07-19 06:13:20	user	t	2011-08-03 06:13:20	87dc1e131a1369fdf8f1c824a6a62dff	\N	\N	\N	\N
809	user809	user809@user.com	\N	2011-06-18 05:12:20	2011-07-18 05:12:20	user	t	2011-08-02 05:12:20	87dc1e131a1369fdf8f1c824a6a62dff	\N	\N	\N	\N
810	user810	user810@user.com	\N	2011-06-17 04:11:20	\N	user	t	\N	87dc1e131a1369fdf8f1c824a6a62dff	\N	\N	\N	\N
811	user811	user811@user.com	\N	2011-06-16 03:10:20	2011-07-16 03:10:20	user	t	2011-07-31 03:10:20	87dc1e131a1369fdf8f1c824a6a62dff	\N	\N	\N	\N
812	user812	user812@user.com	\N	2011-06-15 02:09:20	2011-07-15 02:09:20	user	t	2011-07-30 02:09:20	87dc1e131a1369fdf8f1c824a6a62dff	\N	\N	\N	\N
813	user813	user813@user.com	\N	2011-06-14 01:08:20	2011-07-14 01:08:20	user	t	\N	87dc1e131a1369fdf8f1c824a6a62dff	\N	\N	\N	\N
814	user814	user814@user.com	\N	2011-06-13 00:07:20	2011-07-13 00:07:20	user	t	2011-07-28 00:07:20	87dc1e131a1369fdf8f1c824a6a62dff	\N	\N	\N	\N
815	user815	user815@user.com	\N	2011-06-11 23:06:20	\N	user	t	2011-07-26 23:06:20	87dc1e131a1369fdf8f1c824a6a62dff	\N	\N	\N	\N
816	user816	user816@user.com	\N	2011-06-10 22:05:20	2011-07-10 22:05:20	user	t	\N	87dc1e131a1369fdf8f1c824a6a62dff	\N	\N	\N	\N
817	user817	user817@user.com	\N	2011-06-09 21:04:20	2011-07-09 21:04:20	user	t	2011-07-24 21:04:20	87dc1e131a1369fdf8f1c824a6a62dff	\N	\N	\N	\N
818	user818	user818@user.com	\N	2011-06-08 20:03:20	2011-07-08 20:03:20	user	t	2011-07-23 20:03:20	87dc1e131a1369fdf8f1c824a6a62dff	\N	\N	\N	\N
819	user819	user819@user.com	\N	2011-06-07 19:02:20	2011-07-07 19:02:20	user	t	\N	87dc1e131a1369fdf8f1c824a6a62dff	\N	\N	\N	\N
820	user820	user820@user.com	\N	2011-06-06 18:01:20	\N	user	t	2011-07-21 18:01:20	87dc1e131a1369fdf8f1c824a6a62dff	\N	\N	\N	\N
821	user821	user821@user.com	\N	2011-06-05 17:00:20	2011-07-05 17:00:20	user	t	2011-07-20 17:00:20	87dc1e131a1369fdf8f1c824a6a62dff	\N	\N	\N	\N
822	user822	user822@user.com	\N	2011-06-04 15:59:20	2011-07-04 15:59:20	user	t	\N	87dc1e131a1369fdf8f1c824a6a62dff	\N	\N	\N	\N
823	user823	user823@user.com	\N	2011-06-03 14:58:20	2011-07-03 14:58:20	user	t	2011-07-18 14:58:20	87dc1e131a1369fdf8f1c824a6a62dff	\N	\N	\N	\N
824	user824	user824@user.com	\N	2011-06-02 13:57:20	2011-07-02 13:57:20	user	t	2011-07-17 13:57:20	87dc1e131a1369fdf8f1c824a6a62dff	\N	\N	\N	\N
825	user825	user825@user.com	\N	2011-06-01 12:56:20	\N	user	t	\N	87dc1e131a1369fdf8f1c824a6a62dff	\N	\N	\N	\N
826	user826	user826@user.com	\N	2011-05-31 11:55:20	2011-06-30 11:55:20	user	t	2011-07-15 11:55:20	87dc1e131a1369fdf8f1c824a6a62dff	\N	\N	\N	\N
827	user827	user827@user.com	\N	2011-05-30 10:54:20	2011-06-29 10:54:20	user	t	2011-07-14 10:54:20	87dc1e131a1369fdf8f1c824a6a62dff	\N	\N	\N	\N
828	user828	user828@user.com	\N	2011-05-29 09:53:20	2011-06-28 09:53:20	user	t	\N	87dc1e131a1369fdf8f1c824a6a62dff	\N	\N	\N	\N
829	user829	user829@user.com	\N	2011-05-28 08:52:20	2011-06-27 08:52:20	user	t	2011-07-12 08:52:20	87dc1e131a1369fdf8f1c824a6a62dff	\N	\N	\N	\N
830	user830	user830@user.com	\N	2011-05-27 07:51:20	\N	user	t	2011-07-11 07:51:20	87dc1e131a1369fdf8f1c824a6a62dff	\N	\N	\N	\N
831	user831	user831@user.com	\N	2011-05-26 06:50:20	2011-06-25 06:50:20	user	t	\N	87dc1e131a1369fdf8f1c824a6a62dff	\N	\N	\N	\N
832	user832	user832@user.com	\N	2011-05-25 05:49:20	2011-06-24 05:49:20	user	t	2011-07-09 05:49:20	87dc1e131a1369fdf8f1c824a6a62dff	\N	\N	\N	\N
833	user833	user833@user.com	\N	2011-05-24 04:48:20	2011-06-23 04:48:20	user	t	2011-07-08 04:48:20	87dc1e131a1369fdf8f1c824a6a62dff	\N	\N	\N	\N
834	user834	user834@user.com	\N	2011-05-23 03:47:20	2011-06-22 03:47:20	user	t	\N	87dc1e131a1369fdf8f1c824a6a62dff	\N	\N	\N	\N
835	user835	user835@user.com	\N	2011-05-22 02:46:20	\N	user	t	2011-07-06 02:46:20	87dc1e131a1369fdf8f1c824a6a62dff	\N	\N	\N	\N
836	user836	user836@user.com	\N	2011-05-21 01:45:20	2011-06-20 01:45:20	user	t	2011-07-05 01:45:20	87dc1e131a1369fdf8f1c824a6a62dff	\N	\N	\N	\N
837	user837	user837@user.com	\N	2011-05-20 00:44:20	2011-06-19 00:44:20	user	t	\N	87dc1e131a1369fdf8f1c824a6a62dff	\N	\N	\N	\N
838	user838	user838@user.com	\N	2011-05-18 23:43:20	2011-06-17 23:43:20	user	t	2011-07-02 23:43:20	87dc1e131a1369fdf8f1c824a6a62dff	\N	\N	\N	\N
839	user839	user839@user.com	\N	2011-05-17 22:42:20	2011-06-16 22:42:20	user	t	2011-07-01 22:42:20	87dc1e131a1369fdf8f1c824a6a62dff	\N	\N	\N	\N
840	user840	user840@user.com	\N	2011-05-16 21:41:20	\N	user	t	\N	87dc1e131a1369fdf8f1c824a6a62dff	\N	\N	\N	\N
841	user841	user841@user.com	\N	2011-05-15 20:40:20	2011-06-14 20:40:20	user	t	2011-06-29 20:40:20	87dc1e131a1369fdf8f1c824a6a62dff	\N	\N	\N	\N
842	user842	user842@user.com	\N	2011-05-14 19:39:20	2011-06-13 19:39:20	user	t	2011-06-28 19:39:20	87dc1e131a1369fdf8f1c824a6a62dff	\N	\N	\N	\N
843	user843	user843@user.com	\N	2011-05-13 18:38:20	2011-06-12 18:38:20	user	t	\N	87dc1e131a1369fdf8f1c824a6a62dff	\N	\N	\N	\N
844	user844	user844@user.com	\N	2011-05-12 17:37:20	2011-06-11 17:37:20	user	t	2011-06-26 17:37:20	87dc1e131a1369fdf8f1c824a6a62dff	\N	\N	\N	\N
845	user845	user845@user.com	\N	2011-05-11 16:36:20	\N	user	t	2011-06-25 16:36:20	87dc1e131a1369fdf8f1c824a6a62dff	\N	\N	\N	\N
846	user846	user846@user.com	\N	2011-05-10 15:35:20	2011-06-09 15:35:20	user	t	\N	87dc1e131a1369fdf8f1c824a6a62dff	\N	\N	\N	\N
847	user847	user847@user.com	\N	2011-05-09 14:34:20	2011-06-08 14:34:20	user	t	2011-06-23 14:34:20	87dc1e131a1369fdf8f1c824a6a62dff	\N	\N	\N	\N
848	user848	user848@user.com	\N	2011-05-08 13:33:20	2011-06-07 13:33:20	user	t	2011-06-22 13:33:20	87dc1e131a1369fdf8f1c824a6a62dff	\N	\N	\N	\N
849	user849	user849@user.com	\N	2011-05-07 12:32:20	2011-06-06 12:32:20	user	t	\N	87dc1e131a1369fdf8f1c824a6a62dff	\N	\N	\N	\N
850	user850	user850@user.com	\N	2011-05-06 11:31:20	\N	user	t	2011-06-20 11:31:20	87dc1e131a1369fdf8f1c824a6a62dff	\N	\N	\N	\N
851	user851	user851@user.com	\N	2011-05-05 10:30:20	2011-06-04 10:30:20	user	t	2011-06-19 10:30:20	87dc1e131a1369fdf8f1c824a6a62dff	\N	\N	\N	\N
852	user852	user852@user.com	\N	2011-05-04 09:29:20	2011-06-03 09:29:20	user	t	\N	87dc1e131a1369fdf8f1c824a6a62dff	\N	\N	\N	\N
853	user853	user853@user.com	\N	2011-05-03 08:28:20	2011-06-02 08:28:20	user	t	2011-06-17 08:28:20	87dc1e131a1369fdf8f1c824a6a62dff	\N	\N	\N	\N
854	user854	user854@user.com	\N	2011-05-02 07:27:20	2011-06-01 07:27:20	user	t	2011-06-16 07:27:20	87dc1e131a1369fdf8f1c824a6a62dff	\N	\N	\N	\N
855	user855	user855@user.com	\N	2011-05-01 06:26:20	\N	user	t	\N	87dc1e131a1369fdf8f1c824a6a62dff	\N	\N	\N	\N
856	user856	user856@user.com	\N	2011-04-30 05:25:20	2011-05-30 05:25:20	user	t	2011-06-14 05:25:20	87dc1e131a1369fdf8f1c824a6a62dff	\N	\N	\N	\N
857	user857	user857@user.com	\N	2011-04-29 04:24:20	2011-05-29 04:24:20	user	t	2011-06-13 04:24:20	87dc1e131a1369fdf8f1c824a6a62dff	\N	\N	\N	\N
858	user858	user858@user.com	\N	2011-04-28 03:23:20	2011-05-28 03:23:20	user	t	\N	87dc1e131a1369fdf8f1c824a6a62dff	\N	\N	\N	\N
859	user859	user859@user.com	\N	2011-04-27 02:22:20	2011-05-27 02:22:20	user	t	2011-06-11 02:22:20	87dc1e131a1369fdf8f1c824a6a62dff	\N	\N	\N	\N
860	user860	user860@user.com	\N	2011-04-26 01:21:20	\N	user	t	2011-06-10 01:21:20	87dc1e131a1369fdf8f1c824a6a62dff	\N	\N	\N	\N
861	user861	user861@user.com	\N	2011-04-25 00:20:20	2011-05-25 00:20:20	user	t	\N	87dc1e131a1369fdf8f1c824a6a62dff	\N	\N	\N	\N
862	user862	user862@user.com	\N	2011-04-23 23:19:20	2011-05-23 23:19:20	user	t	2011-06-07 23:19:20	87dc1e131a1369fdf8f1c824a6a62dff	\N	\N	\N	\N
863	user863	user863@user.com	\N	2011-04-22 22:18:20	2011-05-22 22:18:20	user	t	2011-06-06 22:18:20	87dc1e131a1369fdf8f1c824a6a62dff	\N	\N	\N	\N
864	user864	user864@user.com	\N	2011-04-21 21:17:20	2011-05-21 21:17:20	user	t	\N	87dc1e131a1369fdf8f1c824a6a62dff	\N	\N	\N	\N
865	user865	user865@user.com	\N	2011-04-20 20:16:20	\N	user	t	2011-06-04 20:16:20	87dc1e131a1369fdf8f1c824a6a62dff	\N	\N	\N	\N
866	user866	user866@user.com	\N	2011-04-19 19:15:20	2011-05-19 19:15:20	user	t	2011-06-03 19:15:20	87dc1e131a1369fdf8f1c824a6a62dff	\N	\N	\N	\N
867	user867	user867@user.com	\N	2011-04-18 18:14:20	2011-05-18 18:14:20	user	t	\N	87dc1e131a1369fdf8f1c824a6a62dff	\N	\N	\N	\N
868	user868	user868@user.com	\N	2011-04-17 17:13:20	2011-05-17 17:13:20	user	t	2011-06-01 17:13:20	87dc1e131a1369fdf8f1c824a6a62dff	\N	\N	\N	\N
869	user869	user869@user.com	\N	2011-04-16 16:12:20	2011-05-16 16:12:20	user	t	2011-05-31 16:12:20	87dc1e131a1369fdf8f1c824a6a62dff	\N	\N	\N	\N
870	user870	user870@user.com	\N	2011-04-15 15:11:20	\N	user	t	\N	87dc1e131a1369fdf8f1c824a6a62dff	\N	\N	\N	\N
871	user871	user871@user.com	\N	2011-04-14 14:10:20	2011-05-14 14:10:20	user	t	2011-05-29 14:10:20	87dc1e131a1369fdf8f1c824a6a62dff	\N	\N	\N	\N
872	user872	user872@user.com	\N	2011-04-13 13:09:20	2011-05-13 13:09:20	user	t	2011-05-28 13:09:20	87dc1e131a1369fdf8f1c824a6a62dff	\N	\N	\N	\N
873	user873	user873@user.com	\N	2011-04-12 12:08:20	2011-05-12 12:08:20	user	t	\N	87dc1e131a1369fdf8f1c824a6a62dff	\N	\N	\N	\N
874	user874	user874@user.com	\N	2011-04-11 11:07:20	2011-05-11 11:07:20	user	t	2011-05-26 11:07:20	87dc1e131a1369fdf8f1c824a6a62dff	\N	\N	\N	\N
875	user875	user875@user.com	\N	2011-04-10 10:06:20	\N	user	t	2011-05-25 10:06:20	87dc1e131a1369fdf8f1c824a6a62dff	\N	\N	\N	\N
876	user876	user876@user.com	\N	2011-04-09 09:05:20	2011-05-09 09:05:20	user	t	\N	87dc1e131a1369fdf8f1c824a6a62dff	\N	\N	\N	\N
877	user877	user877@user.com	\N	2011-04-08 08:04:20	2011-05-08 08:04:20	user	t	2011-05-23 08:04:20	87dc1e131a1369fdf8f1c824a6a62dff	\N	\N	\N	\N
878	user878	user878@user.com	\N	2011-04-07 07:03:20	2011-05-07 07:03:20	user	t	2011-05-22 07:03:20	87dc1e131a1369fdf8f1c824a6a62dff	\N	\N	\N	\N
879	user879	user879@user.com	\N	2011-04-06 06:02:20	2011-05-06 06:02:20	user	t	\N	87dc1e131a1369fdf8f1c824a6a62dff	\N	\N	\N	\N
880	user880	user880@user.com	\N	2011-04-05 05:01:20	\N	user	t	2011-05-20 05:01:20	87dc1e131a1369fdf8f1c824a6a62dff	\N	\N	\N	\N
881	user881	user881@user.com	\N	2011-04-04 04:00:20	2011-05-04 04:00:20	user	t	2011-05-19 04:00:20	87dc1e131a1369fdf8f1c824a6a62dff	\N	\N	\N	\N
882	user882	user882@user.com	\N	2011-04-03 02:59:20	2011-05-03 02:59:20	user	t	\N	87dc1e131a1369fdf8f1c824a6a62dff	\N	\N	\N	\N
883	user883	user883@user.com	\N	2011-04-02 01:58:20	2011-05-02 01:58:20	user	t	2011-05-17 01:58:20	87dc1e131a1369fdf8f1c824a6a62dff	\N	\N	\N	\N
884	user884	user884@user.com	\N	2011-04-01 00:57:20	2011-05-01 00:57:20	user	t	2011-05-16 00:57:20	87dc1e131a1369fdf8f1c824a6a62dff	\N	\N	\N	\N
885	user885	user885@user.com	\N	2011-03-30 23:56:20	\N	user	t	\N	87dc1e131a1369fdf8f1c824a6a62dff	\N	\N	\N	\N
886	user886	user886@user.com	\N	2011-03-29 22:55:20	2011-04-28 22:55:20	user	t	2011-05-13 22:55:20	87dc1e131a1369fdf8f1c824a6a62dff	\N	\N	\N	\N
887	user887	user887@user.com	\N	2011-03-28 21:54:20	2011-04-27 21:54:20	user	t	2011-05-12 21:54:20	87dc1e131a1369fdf8f1c824a6a62dff	\N	\N	\N	\N
888	user888	user888@user.com	\N	2011-03-27 20:53:20	2011-04-26 20:53:20	user	t	\N	87dc1e131a1369fdf8f1c824a6a62dff	\N	\N	\N	\N
889	user889	user889@user.com	\N	2011-03-26 19:52:20	2011-04-25 19:52:20	user	t	2011-05-10 19:52:20	87dc1e131a1369fdf8f1c824a6a62dff	\N	\N	\N	\N
890	user890	user890@user.com	\N	2011-03-25 18:51:20	\N	user	t	2011-05-09 18:51:20	87dc1e131a1369fdf8f1c824a6a62dff	\N	\N	\N	\N
891	user891	user891@user.com	\N	2011-03-24 17:50:20	2011-04-23 17:50:20	user	t	\N	87dc1e131a1369fdf8f1c824a6a62dff	\N	\N	\N	\N
892	user892	user892@user.com	\N	2011-03-23 16:49:20	2011-04-22 16:49:20	user	t	2011-05-07 16:49:20	87dc1e131a1369fdf8f1c824a6a62dff	\N	\N	\N	\N
893	user893	user893@user.com	\N	2011-03-22 15:48:20	2011-04-21 15:48:20	user	t	2011-05-06 15:48:20	87dc1e131a1369fdf8f1c824a6a62dff	\N	\N	\N	\N
894	user894	user894@user.com	\N	2011-03-21 14:47:20	2011-04-20 14:47:20	user	t	\N	87dc1e131a1369fdf8f1c824a6a62dff	\N	\N	\N	\N
895	user895	user895@user.com	\N	2011-03-20 13:46:20	\N	user	t	2011-05-04 13:46:20	87dc1e131a1369fdf8f1c824a6a62dff	\N	\N	\N	\N
896	user896	user896@user.com	\N	2011-03-19 12:45:20	2011-04-18 12:45:20	user	t	2011-05-03 12:45:20	87dc1e131a1369fdf8f1c824a6a62dff	\N	\N	\N	\N
897	user897	user897@user.com	\N	2011-03-18 11:44:20	2011-04-17 11:44:20	user	t	\N	87dc1e131a1369fdf8f1c824a6a62dff	\N	\N	\N	\N
898	user898	user898@user.com	\N	2011-03-17 10:43:20	2011-04-16 10:43:20	user	t	2011-05-01 10:43:20	87dc1e131a1369fdf8f1c824a6a62dff	\N	\N	\N	\N
899	user899	user899@user.com	\N	2011-03-16 09:42:20	2011-04-15 09:42:20	user	t	2011-04-30 09:42:20	87dc1e131a1369fdf8f1c824a6a62dff	\N	\N	\N	\N
900	user900	user900@user.com	\N	2011-03-15 08:41:20	\N	user	t	\N	87dc1e131a1369fdf8f1c824a6a62dff	\N	\N	\N	\N
901	user901	user901@user.com	\N	2011-03-14 07:40:20	2011-04-13 07:40:20	user	t	2011-04-28 07:40:20	87dc1e131a1369fdf8f1c824a6a62dff	\N	\N	\N	\N
902	user902	user902@user.com	\N	2011-03-13 06:39:20	2011-04-12 06:39:20	user	t	2011-04-27 06:39:20	87dc1e131a1369fdf8f1c824a6a62dff	\N	\N	\N	\N
903	user903	user903@user.com	\N	2011-03-12 05:38:20	2011-04-11 05:38:20	user	t	\N	87dc1e131a1369fdf8f1c824a6a62dff	\N	\N	\N	\N
904	user904	user904@user.com	\N	2011-03-11 04:37:20	2011-04-10 04:37:20	user	t	2011-04-25 04:37:20	87dc1e131a1369fdf8f1c824a6a62dff	\N	\N	\N	\N
905	user905	user905@user.com	\N	2011-03-10 03:36:20	\N	user	t	2011-04-24 03:36:20	87dc1e131a1369fdf8f1c824a6a62dff	\N	\N	\N	\N
906	user906	user906@user.com	\N	2011-03-09 02:35:20	2011-04-08 02:35:20	user	t	\N	87dc1e131a1369fdf8f1c824a6a62dff	\N	\N	\N	\N
907	user907	user907@user.com	\N	2011-03-08 01:34:20	2011-04-07 01:34:20	user	t	2011-04-22 01:34:20	87dc1e131a1369fdf8f1c824a6a62dff	\N	\N	\N	\N
908	user908	user908@user.com	\N	2011-03-07 00:33:20	2011-04-06 00:33:20	user	t	2011-04-21 00:33:20	87dc1e131a1369fdf8f1c824a6a62dff	\N	\N	\N	\N
909	user909	user909@user.com	\N	2011-03-05 23:32:20	2011-04-04 23:32:20	user	t	\N	87dc1e131a1369fdf8f1c824a6a62dff	\N	\N	\N	\N
910	user910	user910@user.com	\N	2011-03-04 22:31:20	\N	user	t	2011-04-18 22:31:20	87dc1e131a1369fdf8f1c824a6a62dff	\N	\N	\N	\N
911	user911	user911@user.com	\N	2011-03-03 21:30:20	2011-04-02 21:30:20	user	t	2011-04-17 21:30:20	87dc1e131a1369fdf8f1c824a6a62dff	\N	\N	\N	\N
912	user912	user912@user.com	\N	2011-03-02 20:29:20	2011-04-01 20:29:20	user	t	\N	87dc1e131a1369fdf8f1c824a6a62dff	\N	\N	\N	\N
913	user913	user913@user.com	\N	2011-03-01 19:28:20	2011-03-31 19:28:20	user	t	2011-04-15 19:28:20	87dc1e131a1369fdf8f1c824a6a62dff	\N	\N	\N	\N
914	user914	user914@user.com	\N	2011-02-28 18:27:20	2011-03-30 18:27:20	user	t	2011-04-14 18:27:20	87dc1e131a1369fdf8f1c824a6a62dff	\N	\N	\N	\N
915	user915	user915@user.com	\N	2011-02-27 17:26:20	\N	user	t	\N	87dc1e131a1369fdf8f1c824a6a62dff	\N	\N	\N	\N
916	user916	user916@user.com	\N	2011-02-26 16:25:20	2011-03-28 16:25:20	user	t	2011-04-12 16:25:20	87dc1e131a1369fdf8f1c824a6a62dff	\N	\N	\N	\N
917	user917	user917@user.com	\N	2011-02-25 15:24:20	2011-03-27 15:24:20	user	t	2011-04-11 15:24:20	87dc1e131a1369fdf8f1c824a6a62dff	\N	\N	\N	\N
918	user918	user918@user.com	\N	2011-02-24 14:23:20	2011-03-26 14:23:20	user	t	\N	87dc1e131a1369fdf8f1c824a6a62dff	\N	\N	\N	\N
919	user919	user919@user.com	\N	2011-02-23 13:22:20	2011-03-25 13:22:20	user	t	2011-04-09 13:22:20	87dc1e131a1369fdf8f1c824a6a62dff	\N	\N	\N	\N
920	user920	user920@user.com	\N	2011-02-22 12:21:20	\N	user	t	2011-04-08 12:21:20	87dc1e131a1369fdf8f1c824a6a62dff	\N	\N	\N	\N
921	user921	user921@user.com	\N	2011-02-21 11:20:20	2011-03-23 11:20:20	user	t	\N	87dc1e131a1369fdf8f1c824a6a62dff	\N	\N	\N	\N
922	user922	user922@user.com	\N	2011-02-20 10:19:20	2011-03-22 10:19:20	user	t	2011-04-06 10:19:20	87dc1e131a1369fdf8f1c824a6a62dff	\N	\N	\N	\N
923	user923	user923@user.com	\N	2011-02-19 09:18:20	2011-03-21 09:18:20	user	t	2011-04-05 09:18:20	87dc1e131a1369fdf8f1c824a6a62dff	\N	\N	\N	\N
924	user924	user924@user.com	\N	2011-02-18 08:17:20	2011-03-20 08:17:20	user	t	\N	87dc1e131a1369fdf8f1c824a6a62dff	\N	\N	\N	\N
925	user925	user925@user.com	\N	2011-02-17 07:16:20	\N	user	t	2011-04-03 07:16:20	87dc1e131a1369fdf8f1c824a6a62dff	\N	\N	\N	\N
926	user926	user926@user.com	\N	2011-02-16 06:15:20	2011-03-18 06:15:20	user	t	2011-04-02 06:15:20	87dc1e131a1369fdf8f1c824a6a62dff	\N	\N	\N	\N
927	user927	user927@user.com	\N	2011-02-15 05:14:20	2011-03-17 05:14:20	user	t	\N	87dc1e131a1369fdf8f1c824a6a62dff	\N	\N	\N	\N
928	user928	user928@user.com	\N	2011-02-14 04:13:20	2011-03-16 04:13:20	user	t	2011-03-31 04:13:20	87dc1e131a1369fdf8f1c824a6a62dff	\N	\N	\N	\N
929	user929	user929@user.com	\N	2011-02-13 03:12:20	2011-03-15 03:12:20	user	t	2011-03-30 03:12:20	87dc1e131a1369fdf8f1c824a6a62dff	\N	\N	\N	\N
930	user930	user930@user.com	\N	2011-02-12 02:11:20	\N	user	t	\N	87dc1e131a1369fdf8f1c824a6a62dff	\N	\N	\N	\N
931	user931	user931@user.com	\N	2011-02-11 01:10:20	2011-03-13 01:10:20	user	t	2011-03-28 01:10:20	87dc1e131a1369fdf8f1c824a6a62dff	\N	\N	\N	\N
932	user932	user932@user.com	\N	2011-02-10 00:09:20	2011-03-12 00:09:20	user	t	2011-03-27 00:09:20	87dc1e131a1369fdf8f1c824a6a62dff	\N	\N	\N	\N
933	user933	user933@user.com	\N	2011-02-08 23:08:20	2011-03-10 23:08:20	user	t	\N	87dc1e131a1369fdf8f1c824a6a62dff	\N	\N	\N	\N
934	user934	user934@user.com	\N	2011-02-07 22:07:20	2011-03-09 22:07:20	user	t	2011-03-24 22:07:20	87dc1e131a1369fdf8f1c824a6a62dff	\N	\N	\N	\N
935	user935	user935@user.com	\N	2011-02-06 21:06:20	\N	user	t	2011-03-23 21:06:20	87dc1e131a1369fdf8f1c824a6a62dff	\N	\N	\N	\N
936	user936	user936@user.com	\N	2011-02-05 20:05:20	2011-03-07 20:05:20	user	t	\N	87dc1e131a1369fdf8f1c824a6a62dff	\N	\N	\N	\N
937	user937	user937@user.com	\N	2011-02-04 19:04:20	2011-03-06 19:04:20	user	t	2011-03-21 19:04:20	87dc1e131a1369fdf8f1c824a6a62dff	\N	\N	\N	\N
938	user938	user938@user.com	\N	2011-02-03 18:03:20	2011-03-05 18:03:20	user	t	2011-03-20 18:03:20	87dc1e131a1369fdf8f1c824a6a62dff	\N	\N	\N	\N
939	user939	user939@user.com	\N	2011-02-02 17:02:20	2011-03-04 17:02:20	user	t	\N	87dc1e131a1369fdf8f1c824a6a62dff	\N	\N	\N	\N
940	user940	user940@user.com	\N	2011-02-01 16:01:20	\N	user	t	2011-03-18 16:01:20	87dc1e131a1369fdf8f1c824a6a62dff	\N	\N	\N	\N
941	user941	user941@user.com	\N	2011-01-31 15:00:20	2011-03-02 15:00:20	user	t	2011-03-17 15:00:20	87dc1e131a1369fdf8f1c824a6a62dff	\N	\N	\N	\N
942	user942	user942@user.com	\N	2011-01-30 13:59:20	2011-03-01 13:59:20	user	t	\N	87dc1e131a1369fdf8f1c824a6a62dff	\N	\N	\N	\N
943	user943	user943@user.com	\N	2011-01-29 12:58:20	2011-02-28 12:58:20	user	t	2011-03-15 12:58:20	87dc1e131a1369fdf8f1c824a6a62dff	\N	\N	\N	\N
944	user944	user944@user.com	\N	2011-01-28 11:57:20	2011-02-27 11:57:20	user	t	2011-03-14 11:57:20	87dc1e131a1369fdf8f1c824a6a62dff	\N	\N	\N	\N
945	user945	user945@user.com	\N	2011-01-27 10:56:20	\N	user	t	\N	87dc1e131a1369fdf8f1c824a6a62dff	\N	\N	\N	\N
946	user946	user946@user.com	\N	2011-01-26 09:55:20	2011-02-25 09:55:20	user	t	2011-03-12 09:55:20	87dc1e131a1369fdf8f1c824a6a62dff	\N	\N	\N	\N
947	user947	user947@user.com	\N	2011-01-25 08:54:20	2011-02-24 08:54:20	user	t	2011-03-11 08:54:20	87dc1e131a1369fdf8f1c824a6a62dff	\N	\N	\N	\N
948	user948	user948@user.com	\N	2011-01-24 07:53:20	2011-02-23 07:53:20	user	t	\N	87dc1e131a1369fdf8f1c824a6a62dff	\N	\N	\N	\N
949	user949	user949@user.com	\N	2011-01-23 06:52:20	2011-02-22 06:52:20	user	t	2011-03-09 06:52:20	87dc1e131a1369fdf8f1c824a6a62dff	\N	\N	\N	\N
950	user950	user950@user.com	\N	2011-01-22 05:51:20	\N	user	t	2011-03-08 05:51:20	87dc1e131a1369fdf8f1c824a6a62dff	\N	\N	\N	\N
951	user951	user951@user.com	\N	2011-01-21 04:50:20	2011-02-20 04:50:20	user	t	\N	87dc1e131a1369fdf8f1c824a6a62dff	\N	\N	\N	\N
952	user952	user952@user.com	\N	2011-01-20 03:49:20	2011-02-19 03:49:20	user	t	2011-03-06 03:49:20	87dc1e131a1369fdf8f1c824a6a62dff	\N	\N	\N	\N
953	user953	user953@user.com	\N	2011-01-19 02:48:20	2011-02-18 02:48:20	user	t	2011-03-05 02:48:20	87dc1e131a1369fdf8f1c824a6a62dff	\N	\N	\N	\N
954	user954	user954@user.com	\N	2011-01-18 01:47:20	2011-02-17 01:47:20	user	t	\N	87dc1e131a1369fdf8f1c824a6a62dff	\N	\N	\N	\N
955	user955	user955@user.com	\N	2011-01-17 00:46:20	\N	user	t	2011-03-03 00:46:20	87dc1e131a1369fdf8f1c824a6a62dff	\N	\N	\N	\N
956	user956	user956@user.com	\N	2011-01-15 23:45:20	2011-02-14 23:45:20	user	t	2011-03-01 23:45:20	87dc1e131a1369fdf8f1c824a6a62dff	\N	\N	\N	\N
957	user957	user957@user.com	\N	2011-01-14 22:44:20	2011-02-13 22:44:20	user	t	\N	87dc1e131a1369fdf8f1c824a6a62dff	\N	\N	\N	\N
958	user958	user958@user.com	\N	2011-01-13 21:43:20	2011-02-12 21:43:20	user	t	2011-02-27 21:43:20	87dc1e131a1369fdf8f1c824a6a62dff	\N	\N	\N	\N
959	user959	user959@user.com	\N	2011-01-12 20:42:20	2011-02-11 20:42:20	user	t	2011-02-26 20:42:20	87dc1e131a1369fdf8f1c824a6a62dff	\N	\N	\N	\N
960	user960	user960@user.com	\N	2011-01-11 19:41:20	\N	user	t	\N	87dc1e131a1369fdf8f1c824a6a62dff	\N	\N	\N	\N
961	user961	user961@user.com	\N	2011-01-10 18:40:20	2011-02-09 18:40:20	user	t	2011-02-24 18:40:20	87dc1e131a1369fdf8f1c824a6a62dff	\N	\N	\N	\N
962	user962	user962@user.com	\N	2011-01-09 17:39:20	2011-02-08 17:39:20	user	t	2011-02-23 17:39:20	87dc1e131a1369fdf8f1c824a6a62dff	\N	\N	\N	\N
963	user963	user963@user.com	\N	2011-01-08 16:38:20	2011-02-07 16:38:20	user	t	\N	87dc1e131a1369fdf8f1c824a6a62dff	\N	\N	\N	\N
964	user964	user964@user.com	\N	2011-01-07 15:37:20	2011-02-06 15:37:20	user	t	2011-02-21 15:37:20	87dc1e131a1369fdf8f1c824a6a62dff	\N	\N	\N	\N
965	user965	user965@user.com	\N	2011-01-06 14:36:20	\N	user	t	2011-02-20 14:36:20	87dc1e131a1369fdf8f1c824a6a62dff	\N	\N	\N	\N
966	user966	user966@user.com	\N	2011-01-05 13:35:20	2011-02-04 13:35:20	user	t	\N	87dc1e131a1369fdf8f1c824a6a62dff	\N	\N	\N	\N
967	user967	user967@user.com	\N	2011-01-04 12:34:20	2011-02-03 12:34:20	user	t	2011-02-18 12:34:20	87dc1e131a1369fdf8f1c824a6a62dff	\N	\N	\N	\N
968	user968	user968@user.com	\N	2011-01-03 11:33:20	2011-02-02 11:33:20	user	t	2011-02-17 11:33:20	87dc1e131a1369fdf8f1c824a6a62dff	\N	\N	\N	\N
969	user969	user969@user.com	\N	2011-01-02 10:32:20	2011-02-01 10:32:20	user	t	\N	87dc1e131a1369fdf8f1c824a6a62dff	\N	\N	\N	\N
970	user970	user970@user.com	\N	2011-01-01 09:31:20	\N	user	t	2011-02-15 09:31:20	87dc1e131a1369fdf8f1c824a6a62dff	\N	\N	\N	\N
971	user971	user971@user.com	\N	2010-12-31 08:30:20	2011-01-30 08:30:20	user	t	2011-02-14 08:30:20	87dc1e131a1369fdf8f1c824a6a62dff	\N	\N	\N	\N
972	user972	user972@user.com	\N	2010-12-30 07:29:20	2011-01-29 07:29:20	user	t	\N	87dc1e131a1369fdf8f1c824a6a62dff	\N	\N	\N	\N
973	user973	user973@user.com	\N	2010-12-29 06:28:20	2011-01-28 06:28:20	user	t	2011-02-12 06:28:20	87dc1e131a1369fdf8f1c824a6a62dff	\N	\N	\N	\N
974	user974	user974@user.com	\N	2010-12-28 05:27:20	2011-01-27 05:27:20	user	t	2011-02-11 05:27:20	87dc1e131a1369fdf8f1c824a6a62dff	\N	\N	\N	\N
975	user975	user975@user.com	\N	2010-12-27 04:26:20	\N	user	t	\N	87dc1e131a1369fdf8f1c824a6a62dff	\N	\N	\N	\N
976	user976	user976@user.com	\N	2010-12-26 03:25:20	2011-01-25 03:25:20	user	t	2011-02-09 03:25:20	87dc1e131a1369fdf8f1c824a6a62dff	\N	\N	\N	\N
977	user977	user977@user.com	\N	2010-12-25 02:24:20	2011-01-24 02:24:20	user	t	2011-02-08 02:24:20	87dc1e131a1369fdf8f1c824a6a62dff	\N	\N	\N	\N
978	user978	user978@user.com	\N	2010-12-24 01:23:20	2011-01-23 01:23:20	user	t	\N	87dc1e131a1369fdf8f1c824a6a62dff	\N	\N	\N	\N
979	user979	user979@user.com	\N	2010-12-23 00:22:20	2011-01-22 00:22:20	user	t	2011-02-06 00:22:20	87dc1e131a1369fdf8f1c824a6a62dff	\N	\N	\N	\N
980	user980	user980@user.com	\N	2010-12-21 23:21:20	\N	user	t	2011-02-04 23:21:20	87dc1e131a1369fdf8f1c824a6a62dff	\N	\N	\N	\N
981	user981	user981@user.com	\N	2010-12-20 22:20:20	2011-01-19 22:20:20	user	t	\N	87dc1e131a1369fdf8f1c824a6a62dff	\N	\N	\N	\N
982	user982	user982@user.com	\N	2010-12-19 21:19:20	2011-01-18 21:19:20	user	t	2011-02-02 21:19:20	87dc1e131a1369fdf8f1c824a6a62dff	\N	\N	\N	\N
983	user983	user983@user.com	\N	2010-12-18 20:18:20	2011-01-17 20:18:20	user	t	2011-02-01 20:18:20	87dc1e131a1369fdf8f1c824a6a62dff	\N	\N	\N	\N
984	user984	user984@user.com	\N	2010-12-17 19:17:20	2011-01-16 19:17:20	user	t	\N	87dc1e131a1369fdf8f1c824a6a62dff	\N	\N	\N	\N
985	user985	user985@user.com	\N	2010-12-16 18:16:20	\N	user	t	2011-01-30 18:16:20	87dc1e131a1369fdf8f1c824a6a62dff	\N	\N	\N	\N
986	user986	user986@user.com	\N	2010-12-15 17:15:20	2011-01-14 17:15:20	user	t	2011-01-29 17:15:20	87dc1e131a1369fdf8f1c824a6a62dff	\N	\N	\N	\N
987	user987	user987@user.com	\N	2010-12-14 16:14:20	2011-01-13 16:14:20	user	t	\N	87dc1e131a1369fdf8f1c824a6a62dff	\N	\N	\N	\N
988	user988	user988@user.com	\N	2010-12-13 15:13:20	2011-01-12 15:13:20	user	t	2011-01-27 15:13:20	87dc1e131a1369fdf8f1c824a6a62dff	\N	\N	\N	\N
989	user989	user989@user.com	\N	2010-12-12 14:12:20	2011-01-11 14:12:20	user	t	2011-01-26 14:12:20	87dc1e131a1369fdf8f1c824a6a62dff	\N	\N	\N	\N
990	user990	user990@user.com	\N	2010-12-11 13:11:20	\N	user	t	\N	87dc1e131a1369fdf8f1c824a6a62dff	\N	\N	\N	\N
991	user991	user991@user.com	\N	2010-12-10 12:10:20	2011-01-09 12:10:20	user	t	2011-01-24 12:10:20	87dc1e131a1369fdf8f1c824a6a62dff	\N	\N	\N	\N
992	user992	user992@user.com	\N	2010-12-09 11:09:20	2011-01-08 11:09:20	user	t	2011-01-23 11:09:20	87dc1e131a1369fdf8f1c824a6a62dff	\N	\N	\N	\N
993	user993	user993@user.com	\N	2010-12-08 10:08:20	2011-01-07 10:08:20	user	t	\N	87dc1e131a1369fdf8f1c824a6a62dff	\N	\N	\N	\N
994	user994	user994@user.com	\N	2010-12-07 09:07:20	2011-01-06 09:07:20	user	t	2011-01-21 09:07:20	87dc1e131a1369fdf8f1c824a6a62dff	\N	\N	\N	\N
995	user995	user995@user.com	\N	2010-12-06 08:06:20	\N	user	t	2011-01-20 08:06:20	87dc1e131a1369fdf8f1c824a6a62dff	\N	\N	\N	\N
996	user996	user996@user.com	\N	2010-12-05 07:05:20	2011-01-04 07:05:20	user	t	\N	87dc1e131a1369fdf8f1c824a6a62dff	\N	\N	\N	\N
997	user997	user997@user.com	\N	2010-12-04 06:04:20	2011-01-03 06:04:20	user	t	2011-01-18 06:04:20	87dc1e131a1369fdf8f1c824a6a62dff	\N	\N	\N	\N
998	user998	user998@user.com	\N	2010-12-03 05:03:20	2011-01-02 05:03:20	user	t	2011-01-17 05:03:20	87dc1e131a1369fdf8f1c824a6a62dff	\N	\N	\N	\N
999	user999	user999@user.com	\N	2010-12-02 04:02:20	2011-01-01 04:02:20	user	t	\N	87dc1e131a1369fdf8f1c824a6a62dff	\N	\N	\N	\N
1000	user1000	user1000@user.com	\N	2010-12-01 03:01:20	\N	user	t	2011-01-15 03:01:20	87dc1e131a1369fdf8f1c824a6a62dff	\N	\N	\N	\N
1001	user1001	user1001@user.com	\N	2010-11-30 02:00:20	2010-12-30 02:00:20	user	t	2011-01-14 02:00:20	87dc1e131a1369fdf8f1c824a6a62dff	\N	\N	\N	\N
1002	user1002	user1002@user.com	\N	2010-11-29 00:59:20	2010-12-29 00:59:20	user	t	\N	87dc1e131a1369fdf8f1c824a6a62dff	\N	\N	\N	\N
1003	user1003	user1003@user.com	\N	2010-11-27 23:58:20	2010-12-27 23:58:20	user	t	2011-01-11 23:58:20	87dc1e131a1369fdf8f1c824a6a62dff	\N	\N	\N	\N
1004	user1004	user1004@user.com	\N	2010-11-26 22:57:20	2010-12-26 22:57:20	user	t	2011-01-10 22:57:20	87dc1e131a1369fdf8f1c824a6a62dff	\N	\N	\N	\N
1005	user1005	user1005@user.com	\N	2010-11-25 21:56:20	\N	user	t	\N	87dc1e131a1369fdf8f1c824a6a62dff	\N	\N	\N	\N
1006	user1006	user1006@user.com	\N	2010-11-24 20:55:20	2010-12-24 20:55:20	user	t	2011-01-08 20:55:20	87dc1e131a1369fdf8f1c824a6a62dff	\N	\N	\N	\N
1007	user1007	user1007@user.com	\N	2010-11-23 19:54:20	2010-12-23 19:54:20	user	t	2011-01-07 19:54:20	87dc1e131a1369fdf8f1c824a6a62dff	\N	\N	\N	\N
1008	user1008	user1008@user.com	\N	2010-11-22 18:53:20	2010-12-22 18:53:20	user	t	\N	87dc1e131a1369fdf8f1c824a6a62dff	\N	\N	\N	\N
1009	user1009	user1009@user.com	\N	2010-11-21 17:52:20	2010-12-21 17:52:20	user	t	2011-01-05 17:52:20	87dc1e131a1369fdf8f1c824a6a62dff	\N	\N	\N	\N
1010	user1010	user1010@user.com	\N	2010-11-20 16:51:20	\N	user	t	2011-01-04 16:51:20	87dc1e131a1369fdf8f1c824a6a62dff	\N	\N	\N	\N
1011	user1011	user1011@user.com	\N	2010-11-19 15:50:20	2010-12-19 15:50:20	user	t	\N	87dc1e131a1369fdf8f1c824a6a62dff	\N	\N	\N	\N
1012	user1012	user1012@user.com	\N	2010-11-18 14:49:20	2010-12-18 14:49:20	user	t	2011-01-02 14:49:20	87dc1e131a1369fdf8f1c824a6a62dff	\N	\N	\N	\N
1013	user1013	user1013@user.com	\N	2010-11-17 13:48:20	2010-12-17 13:48:20	user	t	2011-01-01 13:48:20	87dc1e131a1369fdf8f1c824a6a62dff	\N	\N	\N	\N
1014	user1014	user1014@user.com	\N	2010-11-16 12:47:20	2010-12-16 12:47:20	user	t	\N	87dc1e131a1369fdf8f1c824a6a62dff	\N	\N	\N	\N
1015	user1015	user1015@user.com	\N	2010-11-15 11:46:20	\N	user	t	2010-12-30 11:46:20	87dc1e131a1369fdf8f1c824a6a62dff	\N	\N	\N	\N
1016	user1016	user1016@user.com	\N	2010-11-14 10:45:20	2010-12-14 10:45:20	user	t	2010-12-29 10:45:20	87dc1e131a1369fdf8f1c824a6a62dff	\N	\N	\N	\N
1017	user1017	user1017@user.com	\N	2010-11-13 09:44:20	2010-12-13 09:44:20	user	t	\N	87dc1e131a1369fdf8f1c824a6a62dff	\N	\N	\N	\N
1018	user1018	user1018@user.com	\N	2010-11-12 08:43:20	2010-12-12 08:43:20	user	t	2010-12-27 08:43:20	87dc1e131a1369fdf8f1c824a6a62dff	\N	\N	\N	\N
1019	user1019	user1019@user.com	\N	2010-11-11 07:42:20	2010-12-11 07:42:20	user	t	2010-12-26 07:42:20	87dc1e131a1369fdf8f1c824a6a62dff	\N	\N	\N	\N
1020	user1020	user1020@user.com	\N	2010-11-10 06:41:20	\N	user	t	\N	87dc1e131a1369fdf8f1c824a6a62dff	\N	\N	\N	\N
1021	user1021	user1021@user.com	\N	2010-11-09 05:40:20	2010-12-09 05:40:20	user	t	2010-12-24 05:40:20	87dc1e131a1369fdf8f1c824a6a62dff	\N	\N	\N	\N
1022	user1022	user1022@user.com	\N	2010-11-08 04:39:20	2010-12-08 04:39:20	user	t	2010-12-23 04:39:20	87dc1e131a1369fdf8f1c824a6a62dff	\N	\N	\N	\N
1023	user1023	user1023@user.com	\N	2010-11-07 03:38:20	2010-12-07 03:38:20	user	t	\N	87dc1e131a1369fdf8f1c824a6a62dff	\N	\N	\N	\N
1024	user1024	user1024@user.com	\N	2010-11-06 02:37:20	2010-12-06 02:37:20	user	t	2010-12-21 02:37:20	87dc1e131a1369fdf8f1c824a6a62dff	\N	\N	\N	\N
1025	user1025	user1025@user.com	\N	2010-11-05 01:36:20	\N	user	t	2010-12-20 01:36:20	87dc1e131a1369fdf8f1c824a6a62dff	\N	\N	\N	\N
1026	user1026	user1026@user.com	\N	2010-11-04 00:35:20	2010-12-04 00:35:20	user	t	\N	87dc1e131a1369fdf8f1c824a6a62dff	\N	\N	\N	\N
1027	user1027	user1027@user.com	\N	2010-11-02 23:34:20	2010-12-02 23:34:20	user	t	2010-12-17 23:34:20	87dc1e131a1369fdf8f1c824a6a62dff	\N	\N	\N	\N
1028	user1028	user1028@user.com	\N	2010-11-01 22:33:20	2010-12-01 22:33:20	user	t	2010-12-16 22:33:20	87dc1e131a1369fdf8f1c824a6a62dff	\N	\N	\N	\N
1029	user1029	user1029@user.com	\N	2010-10-31 21:32:20	2010-11-30 21:32:20	user	t	\N	87dc1e131a1369fdf8f1c824a6a62dff	\N	\N	\N	\N
1030	user1030	user1030@user.com	\N	2010-10-30 20:31:20	\N	user	t	2010-12-14 20:31:20	87dc1e131a1369fdf8f1c824a6a62dff	\N	\N	\N	\N
1031	user1031	user1031@user.com	\N	2010-10-29 19:30:20	2010-11-28 19:30:20	user	t	2010-12-13 19:30:20	87dc1e131a1369fdf8f1c824a6a62dff	\N	\N	\N	\N
1032	user1032	user1032@user.com	\N	2010-10-28 18:29:20	2010-11-27 18:29:20	user	t	\N	87dc1e131a1369fdf8f1c824a6a62dff	\N	\N	\N	\N
1033	user1033	user1033@user.com	\N	2010-10-27 17:28:20	2010-11-26 17:28:20	user	t	2010-12-11 17:28:20	87dc1e131a1369fdf8f1c824a6a62dff	\N	\N	\N	\N
1034	user1034	user1034@user.com	\N	2010-10-26 16:27:20	2010-11-25 16:27:20	user	t	2010-12-10 16:27:20	87dc1e131a1369fdf8f1c824a6a62dff	\N	\N	\N	\N
1035	user1035	user1035@user.com	\N	2010-10-25 15:26:20	\N	user	t	\N	87dc1e131a1369fdf8f1c824a6a62dff	\N	\N	\N	\N
1036	user1036	user1036@user.com	\N	2010-10-24 14:25:20	2010-11-23 14:25:20	user	t	2010-12-08 14:25:20	87dc1e131a1369fdf8f1c824a6a62dff	\N	\N	\N	\N
1037	user1037	user1037@user.com	\N	2010-10-23 13:24:20	2010-11-22 13:24:20	user	t	2010-12-07 13:24:20	87dc1e131a1369fdf8f1c824a6a62dff	\N	\N	\N	\N
1038	user1038	user1038@user.com	\N	2010-10-22 12:23:20	2010-11-21 12:23:20	user	t	\N	87dc1e131a1369fdf8f1c824a6a62dff	\N	\N	\N	\N
1039	user1039	user1039@user.com	\N	2010-10-21 11:22:20	2010-11-20 11:22:20	user	t	2010-12-05 11:22:20	87dc1e131a1369fdf8f1c824a6a62dff	\N	\N	\N	\N
1040	user1040	user1040@user.com	\N	2010-10-20 10:21:20	\N	user	t	2010-12-04 10:21:20	87dc1e131a1369fdf8f1c824a6a62dff	\N	\N	\N	\N
1041	user1041	user1041@user.com	\N	2010-10-19 09:20:20	2010-11-18 09:20:20	user	t	\N	87dc1e131a1369fdf8f1c824a6a62dff	\N	\N	\N	\N
1042	user1042	user1042@user.com	\N	2010-10-18 08:19:20	2010-11-17 08:19:20	user	t	2010-12-02 08:19:20	87dc1e131a1369fdf8f1c824a6a62dff	\N	\N	\N	\N
1043	user1043	user1043@user.com	\N	2010-10-17 07:18:20	2010-11-16 07:18:20	user	t	2010-12-01 07:18:20	87dc1e131a1369fdf8f1c824a6a62dff	\N	\N	\N	\N
1044	user1044	user1044@user.com	\N	2010-10-16 06:17:20	2010-11-15 06:17:20	user	t	\N	87dc1e131a1369fdf8f1c824a6a62dff	\N	\N	\N	\N
1045	user1045	user1045@user.com	\N	2010-10-15 05:16:20	\N	user	t	2010-11-29 05:16:20	87dc1e131a1369fdf8f1c824a6a62dff	\N	\N	\N	\N
1046	user1046	user1046@user.com	\N	2010-10-14 04:15:20	2010-11-13 04:15:20	user	t	2010-11-28 04:15:20	87dc1e131a1369fdf8f1c824a6a62dff	\N	\N	\N	\N
1047	user1047	user1047@user.com	\N	2010-10-13 03:14:20	2010-11-12 03:14:20	user	t	\N	87dc1e131a1369fdf8f1c824a6a62dff	\N	\N	\N	\N
1048	user1048	user1048@user.com	\N	2010-10-12 02:13:20	2010-11-11 02:13:20	user	t	2010-11-26 02:13:20	87dc1e131a1369fdf8f1c824a6a62dff	\N	\N	\N	\N
1049	user1049	user1049@user.com	\N	2010-10-11 01:12:20	2010-11-10 01:12:20	user	t	2010-11-25 01:12:20	87dc1e131a1369fdf8f1c824a6a62dff	\N	\N	\N	\N
10001	U_vkontakte_913132	\N	\N	2013-12-11 10:46:39	2013-12-11 10:46:39	user	t	2013-12-11 10:46:39	\N	\N	\N	\N	\N
101	paunin	d.m.paunin@gmail.com	\N	2013-06-25 05:00:20	2014-02-17 12:13:39	user	t	2014-02-17 12:13:39	f5bb0c8de146c67b44babbf4e6584cc0	\N	\N	\N	\N
1	U_twitter_71662685	\N	\N	2013-10-07 14:40:22	2014-02-26 15:04:33	user	t	2014-02-26 15:04:33	\N	1.jpg	\N	\N	\N
75	user75	user75@user.com	\N	2013-07-22 07:26:20	2014-02-26 16:18:06	user	t	2014-02-26 16:18:06	87dc1e131a1369fdf8f1c824a6a62dff	\N	\N	\N	\N
2	admin	admin@admin.com	\N	2013-09-16 11:47:38	2014-02-27 06:29:46	admin	t	2014-02-27 06:29:46	1341215dbe9acab4361fd6417b2b11bc	2.jpg	\N	\N	\N
5	user5	user5@user.com	\N	2013-10-03 06:36:20	2014-02-26 14:45:36	user	t	2014-02-26 14:45:36	87dc1e131a1369fdf8f1c824a6a62dff	5.jpg	\N	\N	\N
\.


--
-- Name: user_id_seq; Type: SEQUENCE SET; Schema: public; Owner: -
--

SELECT pg_catalog.setval('user_id_seq', 10001, true);


--
-- Data for Name: user_social; Type: TABLE DATA; Schema: public; Owner: -
--

COPY user_social (id, user_id, social_service, user_social_id, additional_data) FROM stdin;
1	101	twitter	71662685	\N
2	101	google_oauth	117533842138222482389	\N
3	10001	vkontakte	913132	\N
\.


--
-- Name: user_social_id_seq; Type: SEQUENCE SET; Schema: public; Owner: -
--

SELECT pg_catalog.setval('user_social_id_seq', 3, true);


--
-- Name: AuthAssignment_pkey; Type: CONSTRAINT; Schema: public; Owner: -; Tablespace: 
--

ALTER TABLE ONLY "AuthAssignment"
    ADD CONSTRAINT "AuthAssignment_pkey" PRIMARY KEY (itemname, userid);


--
-- Name: AuthItemChild_pkey; Type: CONSTRAINT; Schema: public; Owner: -; Tablespace: 
--

ALTER TABLE ONLY "AuthItemChild"
    ADD CONSTRAINT "AuthItemChild_pkey" PRIMARY KEY (parent, child);


--
-- Name: AuthItem_pkey; Type: CONSTRAINT; Schema: public; Owner: -; Tablespace: 
--

ALTER TABLE ONLY "AuthItem"
    ADD CONSTRAINT "AuthItem_pkey" PRIMARY KEY (name);


--
-- Name: application_pkey; Type: CONSTRAINT; Schema: public; Owner: -; Tablespace: 
--

ALTER TABLE ONLY application
    ADD CONSTRAINT application_pkey PRIMARY KEY (id);


--
-- Name: content_pkey; Type: CONSTRAINT; Schema: public; Owner: -; Tablespace: 
--

ALTER TABLE ONLY content
    ADD CONSTRAINT content_pkey PRIMARY KEY (id);


--
-- Name: content_slug_unique; Type: CONSTRAINT; Schema: public; Owner: -; Tablespace: 
--

ALTER TABLE ONLY content
    ADD CONSTRAINT content_slug_unique UNIQUE (slug);


--
-- Name: cron_mail_pkey; Type: CONSTRAINT; Schema: public; Owner: -; Tablespace: 
--

ALTER TABLE ONLY cron_mail
    ADD CONSTRAINT cron_mail_pkey PRIMARY KEY (id);


--
-- Name: smtp_pkey; Type: CONSTRAINT; Schema: public; Owner: -; Tablespace: 
--

ALTER TABLE ONLY smtp
    ADD CONSTRAINT smtp_pkey PRIMARY KEY (id);


--
-- Name: token_pkey; Type: CONSTRAINT; Schema: public; Owner: -; Tablespace: 
--

ALTER TABLE ONLY token
    ADD CONSTRAINT token_pkey PRIMARY KEY (id);


--
-- Name: user_email_unique; Type: CONSTRAINT; Schema: public; Owner: -; Tablespace: 
--

ALTER TABLE ONLY "user"
    ADD CONSTRAINT user_email_unique UNIQUE (email);


--
-- Name: user_pkey; Type: CONSTRAINT; Schema: public; Owner: -; Tablespace: 
--

ALTER TABLE ONLY "user"
    ADD CONSTRAINT user_pkey PRIMARY KEY (id);


--
-- Name: user_social_pkey; Type: CONSTRAINT; Schema: public; Owner: -; Tablespace: 
--

ALTER TABLE ONLY user_social
    ADD CONSTRAINT user_social_pkey PRIMARY KEY (id);


--
-- Name: user_social_social_service_user_id_unique; Type: CONSTRAINT; Schema: public; Owner: -; Tablespace: 
--

ALTER TABLE ONLY user_social
    ADD CONSTRAINT user_social_social_service_user_id_unique UNIQUE (social_service, user_social_id);


--
-- Name: user_username_unique; Type: CONSTRAINT; Schema: public; Owner: -; Tablespace: 
--

ALTER TABLE ONLY "user"
    ADD CONSTRAINT user_username_unique UNIQUE (username);


--
-- Name: AuthAssignment_itemname_fkey; Type: FK CONSTRAINT; Schema: public; Owner: -
--

ALTER TABLE ONLY "AuthAssignment"
    ADD CONSTRAINT "AuthAssignment_itemname_fkey" FOREIGN KEY (itemname) REFERENCES "AuthItem"(name) ON UPDATE CASCADE ON DELETE CASCADE;


--
-- Name: AuthItemChild_child_fkey; Type: FK CONSTRAINT; Schema: public; Owner: -
--

ALTER TABLE ONLY "AuthItemChild"
    ADD CONSTRAINT "AuthItemChild_child_fkey" FOREIGN KEY (child) REFERENCES "AuthItem"(name) ON UPDATE CASCADE ON DELETE CASCADE;


--
-- Name: AuthItemChild_parent_fkey; Type: FK CONSTRAINT; Schema: public; Owner: -
--

ALTER TABLE ONLY "AuthItemChild"
    ADD CONSTRAINT "AuthItemChild_parent_fkey" FOREIGN KEY (parent) REFERENCES "AuthItem"(name) ON UPDATE CASCADE ON DELETE CASCADE;


--
-- Name: Ref_token_to_application; Type: FK CONSTRAINT; Schema: public; Owner: -
--

ALTER TABLE ONLY token
    ADD CONSTRAINT "Ref_token_to_application" FOREIGN KEY (application_id) REFERENCES application(id);


--
-- Name: Ref_token_to_user; Type: FK CONSTRAINT; Schema: public; Owner: -
--

ALTER TABLE ONLY token
    ADD CONSTRAINT "Ref_token_to_user" FOREIGN KEY (user_id) REFERENCES "user"(id);


--
-- Name: Ref_user_social_to_user; Type: FK CONSTRAINT; Schema: public; Owner: -
--

ALTER TABLE ONLY user_social
    ADD CONSTRAINT "Ref_user_social_to_user" FOREIGN KEY (user_id) REFERENCES "user"(id);


--
-- PostgreSQL database dump complete
--

